"image","caption","entities","relations"
"0.png","A diagram showing the parts of a face with labels. face is the title.","hair; eyes; ears; face; mouth; nose; image of Hair","hair → image of Hair; eyes → image of Hair; ears → image of Hair; mouth → image of Hair; nose → image of Hair"
"1228.png","A diagram showing parts of the human body labeled with text","head; neck; shoulder(s); hand(s); arm(s); leg(s); finger(s); knee(s); foot (feet); toe(s); image of Head","head → image of Head; neck → image of Head; shoulder(s) → image of Head; hand(s) → image of Head; arm(s) → image of Head; leg(s) → image of Head; finger(s) → image of Head; knee(s) → image of Head; foot (feet) → image of Head; toe(s) → image of Head"
"1229.png","A diagram showing labeled parts of the human body on two figures. The image has a title: the parts of the body.","cfl colegio de formacion linguistica; the parts of the body; leg; hip; foot; thigh; knee; ankle; shin; hand; waist; neck; head; my body; face; elbow; wrist; shoulder; arm - ; chest; image of Girl; image of Boy","cfl colegio de formacion linguistica → I0; leg → image of Boy; hip → image of Boy; foot → image of Boy; thigh → image of Girl; knee → image of Girl; ankle → image of Girl; shin → image of Girl; hand → image of Girl; waist → image of Girl; neck → image of Girl; head → image of Boy; my body → I0; face → image of Girl; elbow → image of Girl; wrist → image of Boy; shoulder → image of Boy; arm -  → image of Boy; chest → image of Boy"
"1230.png","A diagram showing parts of the human body. the body is the title.","the body; head; shin_; instep; toenail big toe; sole; foot; ankle; ball of the foot; heel; arm; arch of the foot; calf ; _thigh; buttocks; _hip; small of the back ; for ear m; elbow back; armpit; shoulder; nipple; neck; _ear; _hair; chest; stomach_; navel; waist; groin; knee_ leg; image of Chest","head → image of Chest; shin_ → image of Chest; instep → image of Chest; toenail big toe → image of Chest; sole → image of Chest; foot → image of Chest; ankle → image of Chest; ball of the foot → image of Chest; heel → image of Chest; arm → image of Chest; arch of the foot → image of Chest; calf  → image of Chest; _thigh → image of Chest; buttocks → image of Chest; _hip → image of Chest; small of the back  → image of Chest; for ear m → image of Chest; elbow back → image of Chest; elbow back → image of Chest; armpit → image of Chest; shoulder → image of Chest; nipple → image of Chest; neck → image of Chest; _ear → image of Chest; _hair → image of Chest; chest → image of Chest; stomach_ → image of Chest; navel → image of Chest; waist → image of Chest; groin → image of Chest; knee_ leg → image of Chest"
"1231.png","A diagram showing parts of the human body","head; arm; leg; knee; hand; foot; image of Head","head → image of Head; arm → image of Head; leg → image of Head; knee → image of Head; hand → image of Head; foot → image of Head"
"1325.png","A diagram showing the human respiratory system","nasal cavity; pharynx; larynx; trachea; bronchi; lung; bronchioles; diaphragm; image of Nasal cavity","nasal cavity → image of Nasal cavity; pharynx → image of Nasal cavity; larynx → image of Nasal cavity; trachea → image of Nasal cavity; bronchi → image of Nasal cavity; bronchi → image of Nasal cavity; lung → image of Nasal cavity; bronchioles → image of Nasal cavity; diaphragm → image of Nasal cavity"
"1326.png","A diagram showing the organs of the respiratory system in a human body.Titled as organs of the respiratory system.","organs of the respiratory system; oral cavity; trachea; carina of trachea right main' (primary) bronchus right lung-; parietal pleura (and visceral pleura covers lung surfaces themselves); pharynx; nasal cavity plus paranasal sinuses nostril; larynx; left main (primary) bronchus; bronchi; alveoli; left lung; -diaphragm; image of Head","oral cavity → image of Head; oral cavity → image of Head; trachea → image of Head; carina of trachea right main' (primary) bronchus right lung- → image of Head; parietal pleura (and visceral pleura covers lung surfaces themselves) → image of Head; pharynx → image of Head; nasal cavity plus paranasal sinuses nostril → image of Head; nasal cavity plus paranasal sinuses nostril → image of Head; larynx → image of Head; left main (primary) bronchus → image of Head; bronchi → image of Head; alveoli → image of Head; left lung → image of Head; -diaphragm → image of Head"
"1327.png","A diagram showing the human respiratory system and related anatomical structures.","respiratory centres; nasal cavity; thoracic cavity; heart; abdominal cavity; bronchioles; pleurae; ribs; pharynx; larynx; oesophagus.; trachea; bronchi; intercostal muscles; diaphragm; lung; image of Brain","respiratory centres → image of Brain; nasal cavity → image of Brain; thoracic cavity → image of Brain; heart → image of Brain; abdominal cavity → image of Brain; bronchioles → image of Brain; pleurae → image of Brain; ribs → image of Brain; pharynx → image of Brain; larynx → image of Brain; oesophagus. → image of Brain; trachea → image of Brain; bronchi → image of Brain; intercostal muscles → image of Brain; diaphragm → image of Brain; lung → image of Brain"
"1328.png","A diagram showing the human respiratory system. The image has a title: the human respiratory system.","the human respiratory system; nasal passage; oral cavity; pharynx; larynx; trachea; bronchi; lung; heart; ribs; image of Head","nasal passage → image of Head; oral cavity → image of Head; pharynx → image of Head; larynx → image of Head; trachea → image of Head; bronchi → image of Head; lung → image of Head; heart → image of Head; ribs → image of Head"
"1329.png","A diagram showing the human respiratory system","larynx; bronchi; nasal passage; oral cavity; pharynx; trachea; lung; heart; classroomclipart.com http://classroompart.com; image of Respiratory system","larynx → image of Respiratory system; bronchi → image of Respiratory system; nasal passage → image of Respiratory system; oral cavity → image of Respiratory system; pharynx → image of Respiratory system; trachea → image of Respiratory system; lung → image of Respiratory system; heart → image of Respiratory system; classroomclipart.com http://classroompart.com → I0"
"1330.png","A diagram showing the human respiratory system","pharynx; larynx; lungs diaphragm; trachea; bronchioles; nasal cavity; nose; mouth; bronchi; upper respiratory tract; lower respiratory tract; image of Respiratory system","pharynx → image of Respiratory system; larynx → image of Respiratory system; lungs diaphragm → image of Respiratory system; trachea → image of Respiratory system; bronchioles → image of Respiratory system; nasal cavity → image of Respiratory system; nose → image of Respiratory system; mouth → image of Respiratory system; bronchi → image of Respiratory system; bronchi → image of Respiratory system; upper respiratory tract → image of Respiratory system; lower respiratory tract → image of Respiratory system"
"1331.png","A diagram showing the respiratory system of a human body","pharynx; trachea; right lung; nasal cavity; nostril; larynx; left lung; a.d.a.m.; image of Pharynx","pharynx → image of Pharynx; trachea → image of Pharynx; right lung → image of Pharynx; nasal cavity → image of Pharynx; nostril → image of Pharynx; larynx → image of Pharynx; left lung → image of Pharynx; a.d.a.m. → I0"
"1332.png","A diagram showing the respiratory system with a close-up view of the alveoli structure.","trachea; bronchus; lungs; bronchioles; alveoli; image of Respiratory system; image of Alveoli structure","trachea → image of Respiratory system; bronchus → image of Respiratory system; lungs → image of Respiratory system; lungs → image of Respiratory system; bronchioles → image of Alveoli structure; alveoli → image of Alveoli structure; alveoli → image of Alveoli structure"
"1378.png","A diagram showing the human circulatory system","pulmonary artery; pulmonary capillary; right ventricle; black blood-; capillaries of peripheral tissues-; pulmonary vein; aorta; _ left atrium; left ventricle; arterial blood; precava; right atrium; postcava-; image of Lungs","pulmonary artery → image of Lungs; pulmonary capillary → image of Lungs; right ventricle → image of Lungs; black blood- → image of Lungs; capillaries of peripheral tissues- → image of Lungs; pulmonary vein → image of Lungs; aorta → image of Lungs; _ left atrium → image of Lungs; left ventricle → image of Lungs; arterial blood → image of Lungs; precava → image of Lungs; right atrium → image of Lungs; postcava- → image of Lungs"
"1379.png","A diagram showing the human circulatory system with arterial and venous circulation paths, including the heart and lungs.","tissue capillaries; venules ; heart; left; left heart; pulmonary vein; artery; arterioles; tissue capillaries; venules; vein_; vein; lungs; arterioles; aorta; artery; pulmonary artery; lungs; right; image of Heart","tissue capillaries → image of Heart; venules  → image of Heart; heart → image of Heart; left → image of Heart; left heart → image of Heart; pulmonary vein → image of Heart; artery → image of Heart; arterioles → image of Heart; tissue capillaries → image of Heart; venules → image of Heart; vein_ → image of Heart; vein → image of Heart; lungs → image of Heart; arterioles → image of Heart; aorta → image of Heart; artery → image of Heart; pulmonary artery → image of Heart; lungs → image of Heart; right → image of Heart"
"1380.png","A diagram showing the human circulatory system with labeled parts.","subclavian vein; arch of the aorta; pulmonary vein; pulmonary artery; inferior vena cava; thoracic aorta; abdominal aorta; classroomclipart.com http://classroomclipart.com; image of Heart","subclavian vein → image of Heart; arch of the aorta → image of Heart; pulmonary vein → image of Heart; pulmonary artery → image of Heart; inferior vena cava → image of Heart; thoracic aorta → image of Heart; abdominal aorta → image of Heart; classroomclipart.com http://classroomclipart.com → I0"
"1381.png","A diagram showing the human circulatory system with labeled parts.","anterior vena cava; lung; liver; posterior vena cava; heart; stomach; aorta; spleen; intestine; capillary bed; kidney; portal vein; image of Labeled diagram","anterior vena cava → image of Labeled diagram; lung → image of Labeled diagram; liver → image of Labeled diagram; posterior vena cava → image of Labeled diagram; heart → image of Labeled diagram; stomach → image of Labeled diagram; aorta → image of Labeled diagram; spleen → image of Labeled diagram; intestine → image of Labeled diagram; capillary bed → image of Labeled diagram; kidney → image of Labeled diagram; portal vein → image of Labeled diagram"
"1382.png","A diagram showing the anterior view of the human heart with labeled parts.Titled as heart diagram.","heart diagram; anterior view of the heart aorta-to body artery to lungs; left ventricle; septum; valve; valve; valve; valve; major vein from upper body; vein from lungs; left atrium; left; right; right atrium; major vein from lower body; right ventricle; image of Valve","anterior view of the heart aorta-to body artery to lungs → image of Valve; anterior view of the heart aorta-to body artery to lungs → image of Valve; left ventricle → image of Valve; septum → image of Valve; valve → image of Valve; valve → image of Valve; valve → image of Valve; valve → image of Valve; major vein from upper body → image of Valve; vein from lungs → image of Valve; vein from lungs → image of Valve; left atrium → image of Valve; left → image of Valve; right → image of Valve; right atrium → image of Valve; major vein from lower body → image of Valve; right ventricle → image of Valve"
"1383.png","A diagram showing the human heart and its chambers with blood flow direction.","right atrium; aorta; left atrium; left ventricle; right ventricle; image of Heart","image of Heart → image of Heart; image of Heart → image of Heart; image of Heart → image of Heart; right atrium → image of Heart; aorta → image of Heart; left atrium → image of Heart; left ventricle → image of Heart; right ventricle → image of Heart"
"1384.png","A diagram showing the anatomy of the heart. Its title is: fig. 2.6: heart.","superior vena cava; aorta; pulmonary trunk; coronary arteries; left atrium; right atrium; right ventricle; left ventricle; fig. 2.6: heart; image of Aorta","superior vena cava → image of Aorta; aorta → image of Aorta; pulmonary trunk → image of Aorta; coronary arteries → image of Aorta; left atrium → image of Aorta; right atrium → image of Aorta; right ventricle → image of Aorta; left ventricle → image of Aorta"
"1385.png","A diagram showing the human digestive system. The image has a title: digestive system.","digestive system; salivary gland; gallbladder; large intestine (colon); appendix; esophagus; parotid gland; liver; anus; rectum; small intestine; pancreas; stomach; image of Head","salivary gland → image of Head; gallbladder → image of Head; large intestine (colon) → image of Head; appendix → image of Head; esophagus → image of Head; parotid gland → image of Head; liver → image of Head; anus → image of Head; rectum → image of Head; small intestine → image of Head; pancreas → image of Head; stomach → image of Head"
"1386.png","A diagram showing the human digestive system with labeled parts.","salivary glands; mouth; gall bladder; liver; oesophagus; stomach; large intestine; rectum; anus; appendix; small intestine; pancreas; image of Digestive system","salivary glands → image of Digestive system; mouth → image of Digestive system; gall bladder → image of Digestive system; liver → image of Digestive system; oesophagus → image of Digestive system; stomach → image of Digestive system; large intestine → image of Digestive system; rectum → image of Digestive system; anus → image of Digestive system; appendix → image of Digestive system; small intestine → image of Digestive system; pancreas → image of Digestive system"
"1387.png","A diagram showing the human alimentary canal. figure 6.6 human alimentary canal is the title.","mouth (buccal cavity); oesophagus; small intestine; large intestine (colon); anus; figure 6.6 human alimentary canal; tongue; diaphragm; gall bladder (stores bile); bile duct; liver -; pancreas; appendix.; stomach; image of Mouth","mouth (buccal cavity) → image of Mouth; oesophagus → image of Mouth; small intestine → image of Mouth; large intestine (colon) → image of Mouth; anus → image of Mouth; tongue → image of Mouth; diaphragm → image of Mouth; gall bladder (stores bile) → image of Mouth; bile duct → image of Mouth; liver - → image of Mouth; pancreas → image of Mouth; appendix. → image of Mouth; stomach → image of Mouth"
"1388.png","A diagram showing the human digestive system","stomach; pancreas; esophagus; sigmoid colon; rectum; anus; small intestine; colon; duodenum; gallbladder; liver; image of Digestive system","stomach → image of Digestive system; pancreas → image of Digestive system; esophagus → image of Digestive system; sigmoid colon → image of Digestive system; rectum → image of Digestive system; anus → image of Digestive system; small intestine → image of Digestive system; colon → image of Digestive system; duodenum → image of Digestive system; gallbladder → image of Digestive system; liver → image of Digestive system"
"1389.png","A diagram showing the human digestive system. The title is: digestive system.","teeth; mouth; rectum; digestive system; esophagus; liver; stomach; pancreas; gall bladder; large intestine; small intestine; appendix; image of Mouth","teeth → image of Mouth; mouth → image of Mouth; rectum → image of Mouth; esophagus → image of Mouth; liver → image of Mouth; stomach → image of Mouth; pancreas → image of Mouth; gall bladder → image of Mouth; large intestine → image of Mouth; small intestine → image of Mouth; appendix → image of Mouth"
"1390.png","A diagram showing the human digestive system. Titled as the digestive system.","the digestive system; mouth; oesophagus; liver; stomach; small intestine; large intestine ; rectum; teachers copyright www.tpet.co.uk; image of Mouth","mouth → image of Mouth; oesophagus → image of Mouth; liver → image of Mouth; stomach → image of Mouth; small intestine → image of Mouth; large intestine  → image of Mouth; rectum → image of Mouth; teachers copyright www.tpet.co.uk → I0"
"1391.png","A diagram showing the human digestive system","oesophagus; stomach; pancreas; large intestine; small intestine; liver.; gall bladder ; rectum; anus; image of Esophagus; image of Liver; image of Stomach","oesophagus → image of Esophagus; stomach → image of Esophagus; pancreas → image of Esophagus; large intestine → image of Esophagus; small intestine → image of Esophagus; liver. → image of Esophagus; gall bladder  → image of Esophagus; rectum → image of Esophagus; anus → image of Esophagus"
"1392.png","A diagram showing the human digestive system","mouth; teeth; - anus; 2010 enclyclopaedia britannica, inc.; appendix -; small intestine; large intestine; gallbladder; pancreas; tongue-; epiglottis; salivary glands; -pharynx; esophagus; liver; stomach; -rectum; image of Esophagus","mouth → image of Esophagus; teeth → image of Esophagus; - anus → image of Esophagus; 2010 enclyclopaedia britannica, inc. → I0; appendix - → image of Esophagus; small intestine → image of Esophagus; large intestine → image of Esophagus; gallbladder → image of Esophagus; pancreas → image of Esophagus; tongue- → image of Esophagus; epiglottis → image of Esophagus; salivary glands → image of Esophagus; -pharynx → image of Esophagus; esophagus → image of Esophagus; esophagus → image of Esophagus; liver → image of Esophagus; stomach → image of Esophagus; -rectum → image of Esophagus; -rectum → image of Esophagus"
"1393.png","A diagram showing the human digestive system","mouth; esophagus; -stomach; pancreas; small intestine; liver; gallbladder; large intestine (colon); rectum; image of Digestive organs","mouth → image of Digestive organs; esophagus → image of Digestive organs; -stomach → image of Digestive organs; pancreas → image of Digestive organs; small intestine → image of Digestive organs; liver → image of Digestive organs; gallbladder → image of Digestive organs; large intestine (colon) → image of Digestive organs; rectum → image of Digestive organs"
"1394.png","A diagram showing the human digestive system","salivary glands: parotid gland; pancreas; large intestine:; transverse colon; ascending colon; descending colon; cecum; sigmoid colon; appendix; - rectum; anal canal; sublingual gland; gallbladder; small intestine: duodenum; jejunum; iieum; anus; submandibular gland; mouth; tongue -; esophagus; liver; stomach; spleen; image of Salivary glands","salivary glands: parotid gland → image of Salivary glands; pancreas → image of Salivary glands; large intestine: → image of Salivary glands; transverse colon → image of Salivary glands; ascending colon → image of Salivary glands; descending colon → image of Salivary glands; cecum → image of Salivary glands; sigmoid colon → image of Salivary glands; appendix → image of Salivary glands; - rectum → image of Salivary glands; anal canal → image of Salivary glands; sublingual gland → image of Salivary glands; gallbladder → image of Salivary glands; small intestine: duodenum → image of Salivary glands; jejunum → image of Salivary glands; iieum → image of Salivary glands; anus → image of Salivary glands; submandibular gland → image of Salivary glands; mouth → image of Salivary glands; tongue - → image of Salivary glands; esophagus → image of Salivary glands; liver → image of Salivary glands; stomach → image of Salivary glands; spleen → image of Salivary glands"
"1395.png","A diagram showing the human digestive system","esophagus; stomach; liver; large intestine; small intestine; rectum; anus; image of Digestive system","esophagus → image of Digestive system; stomach → image of Digestive system; liver → image of Digestive system; large intestine → image of Digestive system; small intestine → image of Digestive system; rectum → image of Digestive system; anus → image of Digestive system"
"1396.png","A diagram showing the components of the human digestive system. Its title is: the components of the digestive system.","salivary glands; mouth; anus; the components of the digestive system; pharynx-; liver; gallbladder; small intestine; large intestine-; esophagus; stomach; pancreas; image of Pharynx","salivary glands → image of Pharynx; mouth → image of Pharynx; anus → image of Pharynx; pharynx- → image of Pharynx; liver → image of Pharynx; gallbladder → image of Pharynx; small intestine → image of Pharynx; large intestine- → image of Pharynx; esophagus → image of Pharynx; stomach → image of Pharynx; pancreas → image of Pharynx"
"1397.png","A diagram showing the human digestive system","b; c\; image of Head","b → image of Head; c\ → image of Head"
"1398.png","A diagram showing the human digestive system","a; b; c; d; image of Digestive system","a → image of Digestive system; b → image of Digestive system; c → image of Digestive system; d → image of Digestive system"
"1399.png","A diagram showing the human digestive system with labeled parts.","a; b; c; d; image of Esophagus","a → image of Esophagus; b → image of Esophagus; c → image of Esophagus; d → image of Esophagus"
"1400.png","A diagram showing the human digestive system","a; b; c; d; e; image of Digestive system","a → image of Digestive system; b → image of Digestive system; c → image of Digestive system; d → image of Digestive system; e → image of Digestive system"
"1401.png","A diagram showing the human respiratory system","nose; mouth; trachea; lungs; diaphragm; image of Respiratory system","nose → image of Respiratory system; mouth → image of Respiratory system; trachea → image of Respiratory system; lungs → image of Respiratory system; diaphragm → image of Respiratory system"
"1402.png","A diagram showing the human respiratory system with labeled parts.Titled as the respiratory system.","sphenoidal sinus; nasal cavity-; trachea; bronchus; -bronchioles; left lung; the respiratory system; pharynx; alveoli-; right lung; diaphragm ; frontal sinus; nasal conchae; nose; -larynx; image of Head","sphenoidal sinus → image of Head; nasal cavity- → image of Head; trachea → image of Head; bronchus → image of Head; -bronchioles → image of Head; left lung → image of Head; pharynx → image of Head; alveoli- → image of Head; right lung → image of Head; diaphragm  → image of Head; frontal sinus → image of Head; nasal conchae → image of Head; nose → image of Head; -larynx → image of Head"
"1403.png","A diagram showing the human respiratory system","nasal cavity; oral cavity; epiglottis; pharynx; tongue; trachea; pleura; right lung; diaphragm; left lung; bronchus; larynx; image of Respiratory system","nasal cavity → image of Respiratory system; oral cavity → image of Respiratory system; epiglottis → image of Respiratory system; pharynx → image of Respiratory system; tongue → image of Respiratory system; trachea → image of Respiratory system; trachea → image of Respiratory system; pleura → image of Respiratory system; right lung → image of Respiratory system; diaphragm → image of Respiratory system; left lung → image of Respiratory system; bronchus → image of Respiratory system; larynx → image of Respiratory system"
"185.png","A diagram showing the human digestive system","liver; esophagus; stomach; large intestine; small intestine; image of Digestive system","liver → image of Digestive system; esophagus → image of Digestive system; stomach → image of Digestive system; large intestine → image of Digestive system; small intestine → image of Digestive system"
"2844.png","A diagram showing the muscular system of the human body","rectus abdominis; biceps brachii; vastus medialis; vastus lateralis; exertnal oblique; deltoid; masseter; pectoralis major; brachioradialis; sarotrius; rectus-femoris; gastrocnemius; tibialis anterior; image of Muscles","rectus abdominis → image of Muscles; biceps brachii → image of Muscles; vastus medialis → image of Muscles; vastus lateralis → image of Muscles; exertnal oblique → image of Muscles; deltoid → image of Muscles; masseter → image of Muscles; pectoralis major → image of Muscles; brachioradialis → image of Muscles; sarotrius → image of Muscles; rectus-femoris → image of Muscles; gastrocnemius → image of Muscles; tibialis anterior → image of Muscles"
"2845.png","A diagram showing the muscle groups of the human body from the front view. Its title is: front view.","4everfitness.co.uk; calves; front view; quadriceps; abs; forearms; biceps; chest; shoulders; traps; neck; image of Neck","4everfitness.co.uk → I0; calves → image of Neck; quadriceps → image of Neck; abs → image of Neck; forearms → image of Neck; biceps → image of Neck; chest → image of Neck; shoulders → image of Neck; traps → image of Neck; neck → image of Neck"
"2849.png","A diagram showing the anterior view of human muscular anatomy with labeled muscles.labeled muscle diagram is the title.","pectorals; anterior view (front view); labeled muscle diagram; rectus femoris (quadriceps); obliques; rectus abdominis; biceps brachii; image of Title","pectorals → image of Title; rectus femoris (quadriceps) → image of Title; obliques → image of Title; rectus abdominis → image of Title; biceps brachii → image of Title"
"2850.png","A diagram showing the muscular system of the human body","biceps brachii; brachialis; abdominal external oblique; rectus abdominis; pectoralis major; deltoid; rotator cuff; pronator teres; brachioradialis; adductor muscles; tibialis anterior; peroneus brevis; peroneus longus; quadriceps femoris; iliopsoas; image of Muscles","biceps brachii → image of Muscles; brachialis → image of Muscles; abdominal external oblique → image of Muscles; rectus abdominis → image of Muscles; pectoralis major → image of Muscles; deltoid → image of Muscles; rotator cuff → image of Muscles; pronator teres → image of Muscles; adductor muscles → image of Muscles; tibialis anterior → image of Muscles; peroneus brevis → image of Muscles; peroneus longus → image of Muscles; quadriceps femoris → image of Muscles; iliopsoas → image of Muscles"
"2851.png","A diagram showing the muscular system of a human body with labeled muscles.","deltoid; frontalis; pectoralis; biceps; tibialis-anterior; quadriceps; image of Frontalis","deltoid → image of Frontalis; frontalis → image of Frontalis; pectoralis → image of Frontalis; biceps → image of Frontalis; tibialis-anterior → image of Frontalis; quadriceps → image of Frontalis"
"2853.png","A diagram showing the structure of the hair bulb. The title is: the structure of the hair bulb.","inner root sheath; connective tissue layer; cuticle of inner root sheath; outer root sheath; henle's layer; huxley's layer; keratinization zone; melanocytes; cavity of dermal papilla; dividing cells; the structure of the hair bulb; medulla; cortex; hair cuticle; image of Medulla","inner root sheath → image of Medulla; connective tissue layer → image of Medulla; cuticle of inner root sheath → image of Medulla; outer root sheath → image of Medulla; henle's layer → image of Medulla; huxley's layer → image of Medulla; keratinization zone → image of Medulla; melanocytes → image of Medulla; cavity of dermal papilla → image of Medulla; dividing cells → image of Medulla; medulla → image of Medulla; cortex → image of Medulla; hair cuticle → image of Medulla"
"2854.png","A diagram showing the different parts of the human brain with labeled sections.","central sulcus; prefrontal lobe; frontal lobe; parietal lobe; occipital lobe; cerebellum; medulla; pons; temporal lobe; sylvian fissure; image of Parietal lobe","central sulcus → image of Parietal lobe; prefrontal lobe → image of Parietal lobe; frontal lobe → image of Parietal lobe; parietal lobe → image of Parietal lobe; occipital lobe → image of Parietal lobe; cerebellum → image of Parietal lobe; pons → image of Parietal lobe; temporal lobe → image of Parietal lobe; sylvian fissure → image of Parietal lobe"
"2857.png","A diagram showing the anatomy of the human eye","vitreous gel; optic nerve; macula; fovea; retina; iris; lens; pupil; cornea; iris; image of Iris","vitreous gel → image of Iris; optic nerve → image of Iris; macula → image of Iris; fovea → image of Iris; retina → image of Iris; iris → image of Iris; lens → image of Iris; pupil → image of Iris; cornea → image of Iris; iris → image of Iris"
"2858.png","A diagram showing the anatomy of the human lungs. The title is: diagram of the human lungs.","diagram of the human lungs; right main stem bronchus; diaphragm; alveoli; right lobes; trachea; bronchioles; left main stem bronchus; bronchi; left lobes; pleura; pleural; image of Trachea","right main stem bronchus → image of Trachea; diaphragm → image of Trachea; alveoli → image of Trachea; right lobes → image of Trachea; trachea → image of Trachea; bronchioles → image of Trachea; left main stem bronchus → image of Trachea; bronchi → image of Trachea; left lobes → image of Trachea; pleura → image of Trachea; pleural → image of Trachea"
"2860.png","A diagram showing the anatomy of the human ear","outer ear ; malleus (hammer); tympanum (eardrum); middle ear ; incus (anvil); organs of balance; stapes (strirrup); nerves to the central auditory system and brain ; inner ear (cochlea); eustachian tube ; ear canal ; pinna; image of Eustachian Tube","outer ear  → image of Eustachian Tube; malleus (hammer) → image of Eustachian Tube; tympanum (eardrum) → image of Eustachian Tube; middle ear  → image of Eustachian Tube; incus (anvil) → image of Eustachian Tube; organs of balance → image of Eustachian Tube; stapes (strirrup) → image of Eustachian Tube; nerves to the central auditory system and brain  → image of Eustachian Tube; inner ear (cochlea) → image of Eustachian Tube; eustachian tube  → image of Eustachian Tube; ear canal  → image of Eustachian Tube; pinna → image of Eustachian Tube"
"2861.png","A diagram showing the anatomy of the human eye","anterior chamber; iris; vitreous gel; cornea; pupil; lens; iris; retina; fovea; macula; optic nerve; image of Iris","anterior chamber → image of Iris; iris → image of Iris; vitreous gel → image of Iris; cornea → image of Iris; pupil → image of Iris; lens → image of Iris; iris → image of Iris; retina → image of Iris; fovea → image of Iris; macula → image of Iris; optic nerve → image of Iris"
"2863.png","A diagram showing the respiratory system including the sinuses, adenoids, tonsils, pharynx, larynx, trachea, lungs, and their respective lobes.the chest and lungs is the title.","the chest and lungs; lower lobe; lung; pleura; bronchus; middle lobe; upper lobe; sinuses drain into nose; adenoids; tonsils; pharynx; larynx; trachea; image of Label","lower lobe → image of Label; lung → image of Label; pleura → image of Label; bronchus → image of Label; middle lobe → image of Label; upper lobe → image of Label; sinuses drain into nose → image of Label; adenoids → image of Label; tonsils → image of Label; pharynx → image of Label; larynx → image of Label; trachea → image of Label"
"2864.png","A diagram showing the different parts of the human brain.Titled as parts of the human brain.","spinal cord; cerebellum; occipital lobe; parts of the human brain; parietal lobe; frontal lobe; temporal lobe; image of Brain","spinal cord → image of Brain; cerebellum → image of Brain; occipital lobe → image of Brain; parietal lobe → image of Brain; frontal lobe → image of Brain; temporal lobe → image of Brain"
"2866.png","A diagram showing the anatomy of the human ear,","semicircular canals; cochlea; cochlear nerve; round window; eustachian tube; internal carotid artery; styloid bone; tympanic membrane (ear drum); opening to nasopharynx; auditory canal; inner ear; incus (anvil); temporal bone; stapes (stirrup); malleus (hammer); middle ear; pinna; vestibular nerve; image of Eustachian tube","semicircular canals → image of Eustachian tube; cochlea → image of Eustachian tube; cochlear nerve → image of Eustachian tube; round window → image of Eustachian tube; eustachian tube → image of Eustachian tube; internal carotid artery → image of Eustachian tube; internal carotid artery → image of Eustachian tube; styloid bone → image of Eustachian tube; tympanic membrane (ear drum) → image of Eustachian tube; opening to nasopharynx → image of Eustachian tube; auditory canal → image of Eustachian tube; inner ear → image of Eustachian tube; incus (anvil) → image of Eustachian tube; temporal bone → image of Eustachian tube; stapes (stirrup) → image of Eustachian tube; malleus (hammer) → image of Eustachian tube; middle ear → image of Eustachian tube; pinna → image of Eustachian tube; vestibular nerve → image of Eustachian tube"
"2868.png","A diagram showing the anatomy of human skin and hair structure","papilla; hair follicle wall; fat; vein; artery; hair shaft; epidermis; hair root; dermis; sebaceous gland; hair bulb; dermal blood vessel; subcutaneous layer; image of Skin layers","papilla → image of Skin layers; hair follicle wall → image of Skin layers; fat → image of Skin layers; vein → image of Skin layers; artery → image of Skin layers; hair shaft → image of Skin layers; epidermis → image of Skin layers; hair root → image of Skin layers; dermis → image of Skin layers; sebaceous gland → image of Skin layers; hair bulb → image of Skin layers; dermal blood vessel → image of Skin layers; subcutaneous layer → image of Skin layers"
"2869.png","A diagram showing the anatomy of a tooth","enamel; gum; dentin; pulp; root; image of Tooth","enamel → image of Tooth; gum → image of Tooth; dentin → image of Tooth; pulp → image of Tooth; root → image of Tooth"
"2870.png","A diagram showing the anatomy of human lungs with a detailed inset of alveoli.The title is: lungs.","breathmatters.org; lungs; left lobes; bronchioles; bronchi; right main stem bronchus; right lobes; stomach diaphragm; left stem bronchus; pleural fluid; trachea; pleura; alveoli; image of ; image of Alveoli","breathmatters.org → I0; left lobes → image of ; bronchioles → image of ; bronchi → image of ; right main stem bronchus → image of ; right lobes → image of ; stomach diaphragm → image of ; left stem bronchus → image of ; pleural fluid → image of ; trachea → image of ; pleura → image of ; alveoli → image of Alveoli"
"2872.png","A diagram showing the anatomy of human hair and its surrounding structures.Its title is: hair anatomy.","cuticle; sweat gland; designua | dreamstime.com; hair anatomy; hair shaft; arrector pili muscle; medulla; cortex; sebaceous gland; nerve; hair root; hair bulb in follicle; dermal papilla; blood vessels; download from dreamstime.com this watermarked comp image is for previewing purposes only.; 35012099; image of Hair structure; image of Hair layers","cuticle → image of Hair layers; sweat gland → image of Hair structure; designua | dreamstime.com → I0; hair shaft → image of Hair structure; arrector pili muscle → image of Hair structure; medulla → image of Hair layers; cortex → image of Hair layers; sebaceous gland → image of Hair structure; nerve → image of Hair structure; hair root → image of Hair structure; hair bulb in follicle → image of Hair structure; dermal papilla → image of Hair structure; blood vessels → image of Hair structure; download from dreamstime.com this watermarked comp image is for previewing purposes only. → I0; 35012099 → I0"
"2873.png","A diagram showing the anatomy of the human eye","retina; choroid; ciliary body; optic nerve; optic disc area; vitreous body; sclera; lens; aqueous body; iris; cornea; image of Eye anatomy","retina → image of Eye anatomy; choroid → image of Eye anatomy; ciliary body → image of Eye anatomy; optic nerve → image of Eye anatomy; optic disc area → image of Eye anatomy; vitreous body → image of Eye anatomy; sclera → image of Eye anatomy; lens → image of Eye anatomy; aqueous body → image of Eye anatomy; aqueous body → image of Eye anatomy; iris → image of Eye anatomy; iris → image of Eye anatomy; cornea → image of Eye anatomy"
"2876.png","A diagram showing the anatomy of the human eye","optic nerve; blood vessels; pupil; cornea; lens; suspensory ligament; optic disc (blind spot); fovea centralis; wise geek; sclera; choroid; retina; ciliary body; iris; image of Lens","optic nerve → image of Lens; blood vessels → image of Lens; pupil → image of Lens; pupil → image of Lens; cornea → image of Lens; lens → image of Lens; suspensory ligament → image of Lens; optic disc (blind spot) → image of Lens; fovea centralis → image of Lens; wise geek → I0; sclera → image of Lens; choroid → image of Lens; retina → image of Lens; ciliary body → image of Lens; iris → image of Lens"
"2877.png","A diagram showing the anatomy of a hair follicle in human skin","hair follicle; hair root; dermis; hair erector muscle; hair shaft; epidermis; sebaceous gland; image of Hair structure","hair follicle → image of Hair structure; hair root → image of Hair structure; dermis → image of Hair structure; hair erector muscle → image of Hair structure; hair shaft → image of Hair structure; epidermis → image of Hair structure; sebaceous gland → image of Hair structure"
"2879.png","A diagram showing the anatomy of the human eye","lens; posterior chamber; lateral rectus muscle; sclera; choroid; macula; retina; fovea; vitreous body; optic nerve; optic nerve head; medial rectus muscle; anterior chamber; cornea; pupil; aqueous humor; iris; conjunctiva; suspensory ligament zonules; ciliary body; image of Lens","lens → image of Lens; posterior chamber → image of Lens; lateral rectus muscle → image of Lens; sclera → image of Lens; choroid → image of Lens; macula → image of Lens; retina → image of Lens; fovea → image of Lens; vitreous body → image of Lens; optic nerve → image of Lens; optic nerve head → image of Lens; medial rectus muscle → image of Lens; anterior chamber → image of Lens; cornea → image of Lens; pupil → image of Lens; aqueous humor → image of Lens; iris → image of Lens; conjunctiva → image of Lens; suspensory ligament zonules → image of Lens; ciliary body → image of Lens"
"2880.png","A diagram showing the anatomy of the human ear","ear canal; inner ear; eustachian tube; middle ear; eardrum; pinna; image of Ear","ear canal → image of Ear; inner ear → image of Ear; eustachian tube → image of Ear; middle ear → image of Ear; eardrum → image of Ear; pinna → image of Ear"
"2882.png","A diagram showing the human respiratory system,. Titled as lungs.","lungs; trachea (windpipe; right lobes; left bronchi; left lobes; alveoli; diaphragm; pleura; bronchioles; secondary bronchi; right bronchi; image of Lungs","trachea (windpipe → image of Lungs; right lobes → image of Lungs; left bronchi → image of Lungs; left lobes → image of Lungs; alveoli → image of Lungs; diaphragm → image of Lungs; pleura → image of Lungs; bronchioles → image of Lungs; secondary bronchi → image of Lungs; right bronchi → image of Lungs"
"2884.png","A diagram showing the anatomy of a healthy tooth. Titled as healthy tooth.","root; neck; crown; healthy tooth; nerve and blood vessels; dentin; enamel; pulp; image of Tooth","root → image of Tooth; crown → image of Tooth; nerve and blood vessels → image of Tooth; dentin → image of Tooth; enamel → image of Tooth; pulp → image of Tooth"
"2892.png","A diagram showing a cross section of the ear. The image has a title: cross section of the ear.","eustachian tube; cochlear; internal carotid artery; cross section of the ear; bone; pinna; eardrum; malleus; incus; stapes; semicircular canals; nerve; external ear; image of Ear bones","eustachian tube → image of Ear bones; cochlear → image of Ear bones; internal carotid artery → image of Ear bones; bone → image of Ear bones; pinna → image of Ear bones; eardrum → image of Ear bones; malleus → image of Ear bones; incus → image of Ear bones; stapes → image of Ear bones; semicircular canals → image of Ear bones; nerve → image of Ear bones; external ear → image of Ear bones"
"2893.png","A diagram showing the human respiratory system, specifically the trachea, bronchial tubes, and lungs.","trachea or windpipe; bronchial tubes; lung; image of Label","trachea or windpipe → image of Label; bronchial tubes → image of Label; lung → image of Label; lung → image of Label"
"2894.png","A diagram showing different functional areas of the brain with labeled regions.","actions; sensations; objects; vision; names places; planning context; image of Brain","actions → image of Brain; sensations → image of Brain; objects → image of Brain; vision → image of Brain; names places → image of Brain; planning context → image of Brain"
"2895.png","A diagram showing the anatomy of the human eye","vitreous gel; retinal pigment epithelium; retina; credit: national eye institute, national institutes of health; optic nerve; iris; cornea; pupil; lens; iris; macula; fovea; image of Optic nerve","vitreous gel → image of Optic nerve; retinal pigment epithelium → image of Optic nerve; retina → image of Optic nerve; credit: national eye institute, national institutes of health → I0; optic nerve → image of Optic nerve; iris → image of Optic nerve; cornea → image of Optic nerve; pupil → image of Optic nerve; lens → image of Optic nerve; iris → image of Optic nerve; macula → image of Optic nerve; fovea → image of Optic nerve"
"2897.png","A diagram showing the different lobes and parts of the human brain","parietal lobe; www.brainhealthandpuzzles.com; frontal lobe; temporal lobe; pons; medulla oblongata; spinal cord; cerebellum; occipital lobe; image of Parietal Lobe","parietal lobe → image of Parietal Lobe; www.brainhealthandpuzzles.com → I0; frontal lobe → image of Parietal Lobe; temporal lobe → image of Parietal Lobe; pons → image of Parietal Lobe; medulla oblongata → image of Parietal Lobe; spinal cord → image of Parietal Lobe; cerebellum → image of Parietal Lobe; occipital lobe → image of Parietal Lobe"
"2898.png","A diagram showing the cross section of a tooth. Its title is: cross section of a tooth.","cross section of a tooth; enamel; crown; dentine; gum; pulp; cementum; bone; blood vessel; nerve; root; image of Tooth anatomy","enamel → image of Tooth anatomy; crown → image of Tooth anatomy; dentine → image of Tooth anatomy; gum → image of Tooth anatomy; pulp → image of Tooth anatomy; cementum → image of Tooth anatomy; cementum → image of Tooth anatomy; bone → image of Tooth anatomy; blood vessel → image of Tooth anatomy; nerve → image of Tooth anatomy; root → image of Tooth anatomy"
"2899.png","A diagram showing the human respiratory system with a focus on the lungs and alveoli.","secondary bronchi; buzzle.com; trachea (windpipe); bronchi; capillary network; alveoli; bronchioles; left lung; right lung; inferior lobe; middle lobe; superior lobe; image of Trachea; image of Alveoli","secondary bronchi → image of Trachea; buzzle.com → I0; trachea (windpipe) → image of Trachea; bronchi → image of Trachea; capillary network → image of Alveoli; alveoli → image of Alveoli; bronchioles → image of Trachea; left lung → image of Trachea; right lung → image of Trachea; inferior lobe → image of Trachea; middle lobe → image of Trachea; superior lobe → image of Trachea"
"2900.png","A diagram showing the human lungs with a focus on lobectomy procedure for lung cancer treatment.The title is: right upper lobectomy.","cancer; lobe removed; right upper lobe containing tumor and lymph nodes; right lung; left lung; 2009 medicalartstudio.com; right upper lobectomy; normal lymph nodes; image of Tumor; image of Lobectomy","cancer → image of Lobectomy; lobe removed → image of Tumor; right upper lobe containing tumor and lymph nodes → image of Tumor; right lung → image of Lobectomy; left lung → image of Lobectomy; 2009 medicalartstudio.com → I0; normal lymph nodes → image of Lobectomy"
"2901.png","A diagram showing the human brain and its components","brain stem; spinal cord ; cerebellum ; pineal; cerebrum; hypothalamus ; pituitary gland ; image of Cerebrum","brain stem → image of Cerebrum; brain stem → image of Cerebrum; spinal cord  → image of Cerebrum; cerebellum  → image of Cerebrum; pineal → image of Cerebrum; cerebrum → image of Cerebrum; hypothalamus  → image of Cerebrum; pituitary gland  → image of Cerebrum"
"2902.png","A diagram showing the internal structure of a chloroplast with labeled parts.","chloroplasts are highly structured, membrane-rich organelles.; outer membrane; inner membrane; thylakoids; granum; stroma; figure 10-2b part 2 biological science, 2/e; © 2005 pearson prentice hall, inc.; image of Chloroplast","chloroplasts are highly structured, membrane-rich organelles. → I0; outer membrane → image of Chloroplast; inner membrane → image of Chloroplast; thylakoids → image of Chloroplast; thylakoids → image of Chloroplast; thylakoids → image of Chloroplast; granum → image of Chloroplast; stroma → image of Chloroplast; figure 10-2b part 2 biological science, 2/e → I0; © 2005 pearson prentice hall, inc. → I0"
"2903.png","A diagram showing the anatomy of the human eye","sclera; cornea; pupil; lens; iris; ciliary body; choroid; retina; fovea; optic nerve; image of Sclera","sclera → image of Sclera; cornea → image of Sclera; pupil → image of Sclera; lens → image of Sclera; iris → image of Sclera; ciliary body → image of Sclera; choroid → image of Sclera; retina → image of Sclera; fovea → image of Sclera; optic nerve → image of Sclera"
"2904.png","A diagram showing a cross-section of skin with hair follicle and sebaceous gland","hair; skin surface; sebum; follicle; sebaceous gland; image of Skin cross-section","hair → image of Skin cross-section; skin surface → image of Skin cross-section; sebum → image of Skin cross-section; follicle → image of Skin cross-section; sebaceous gland → image of Skin cross-section"
"2924.png","A diagram showing the anatomy of the human mouth (Oral Cavity). The image has a title: mouth (oral cavity).","gingiv a (gums); mouth (oral cavity); papillae of tongue; uvula; hard palate; lips; soft palate; palatine tonsil; molars; tongue; incisor; canine; premolar; image of Teeth","gingiv a (gums) → image of Teeth; papillae of tongue → image of Teeth; uvula → image of Teeth; hard palate → image of Teeth; lips → image of Teeth; soft palate → image of Teeth; palatine tonsil → image of Teeth; molars → image of Teeth; tongue → image of Teeth; incisor → image of Teeth; canine → image of Teeth; premolar → image of Teeth"
"2925.png","A diagram showing the structure of a typical neuron. Its title is: structure of a typical neuron.","structure of a typical neuron; dendrite; axon terminal; cell body; node of ranvier; myelin sheath; schwann cell; axon; nucleus; image of Neuron","dendrite → image of Neuron; axon terminal → image of Neuron; cell body → image of Neuron; node of ranvier → image of Neuron; myelin sheath → image of Neuron; schwann cell → image of Neuron; axon → image of Neuron; nucleus → image of Neuron"
"2926.png","A diagram showing the different lobes and parts of the human brain, labeled with their respective names.","left brain craft brain; parietal lobe; occipital; cerebellum; brainstem; temporal lobe; frontal lobe; image of Frontal Lobe","left brain craft brain → I0; parietal lobe → image of Frontal Lobe; occipital → image of Frontal Lobe; cerebellum → image of Frontal Lobe; brainstem → image of Frontal Lobe; temporal lobe → image of Frontal Lobe; frontal lobe → image of Frontal Lobe"
"2930.png","A diagram showing the human brain with labeled parts","cerebellum; reticular-activating system; corpus callosum; hypothalamus; thalamus; midbrain; spinal cord; caudate nucleus; meninges; pituitary; brain stem; pons; medulla oblongata; cerebral cortex; image of Meninges","cerebellum → image of Meninges; reticular-activating system → image of Meninges; corpus callosum → image of Meninges; hypothalamus → image of Meninges; thalamus → image of Meninges; midbrain → image of Meninges; spinal cord → image of Meninges; caudate nucleus → image of Meninges; meninges → image of Meninges; pituitary → image of Meninges; brain stem → image of Meninges; pons → image of Meninges; medulla oblongata → image of Meninges; cerebral cortex → image of Meninges"
"2931.png","A diagram showing the anatomy of a human mouth","teeth; soft palate; tonsil; tongue; lip; gums; hard palate; uvula; healthwise,incorporated; image of Mouth","teeth → image of Mouth; soft palate → image of Mouth; tonsil → image of Mouth; tongue → image of Mouth; lip → image of Mouth; gums → image of Mouth; hard palate → image of Mouth; uvula → image of Mouth; healthwise,incorporated → I0"
"2934.png","A diagram showing the anatomy of the oral cavity. anatomy of the oral cavity is the title.","© 2012 terese winslow llc u.s. govt. has certain rights; anatomy of the oral cavity; soft palate; tongue (front two-thirds); retromolar- trigone; gingiva (gum); uvula; tonsil; buccal mucosa (lip and cheek lining); floor of mouth; lip; teeth; hard palate; image of Gingiva","© 2012 terese winslow llc u.s. govt. has certain rights → I0; soft palate → image of Gingiva; tongue (front two-thirds) → image of Gingiva; tongue (front two-thirds) → image of Gingiva; retromolar- trigone → image of Gingiva; gingiva (gum) → image of Gingiva; uvula → image of Gingiva; tonsil → image of Gingiva; buccal mucosa (lip and cheek lining) → image of Gingiva; floor of mouth → image of Gingiva; lip → image of Gingiva; teeth → image of Gingiva; teeth → image of Gingiva; hard palate → image of Gingiva"
"2936.png","A diagram showing the structure of a neuron and its components","synapse; node of ranvier; myelin sheath; axon; oligodendrocyte; cell body (soma); cell membrane; dendrites.; image of Neuron","synapse → image of Neuron; node of ranvier → image of Neuron; myelin sheath → image of Neuron; axon → image of Neuron; oligodendrocyte → image of Neuron; cell body (soma) → image of Neuron; cell membrane → image of Neuron; dendrites. → image of Neuron"
"2937.png","A diagram showing the cross-sectional structure of a cilium or flagellum","9; 8; nexin bridge; central sheath; outer dynein arm; inner dynein arm; radial link head.; radial link; outer fibre (doublet); membrane; 7; 6; 5; 4; 3; 2; 1; central fibre; image of Membrane","9 → image of Membrane; 8 → image of Membrane; nexin bridge → image of Membrane; central sheath → image of Membrane; outer dynein arm → image of Membrane; inner dynein arm → image of Membrane; radial link head. → image of Membrane; radial link → image of Membrane; outer fibre (doublet) → image of Membrane; membrane → image of Membrane; 7 → image of Membrane; 6 → image of Membrane; 5 → image of Membrane; 4 → image of Membrane; 3 → image of Membrane; 2 → image of Membrane; 1 → image of Membrane; central fibre → image of Membrane"
"2938.png","A diagram showing a cross section of the spinal cord. The image has a title: cross section of spinal cord.","cross section of spinal cord; copyright the mcgraw-hil companies, inc. permission required for reproduction or display; anterior horn; anterior median fissure; portion of spinal nerve; anterior funiculus; central canal; lateral horn; gray commissure; posterior median sulcus; posterior funiculus; 11 - 7; posterior horn; white matter; gray matter; lateral funiculus; dorsal root of spinal nerve; dorsal root ganglion; (a); ventral root of spinal nerve; image of White matter","copyright the mcgraw-hil companies, inc. permission required for reproduction or display → I0; anterior horn → image of White matter; anterior median fissure → image of White matter; portion of spinal nerve → image of White matter; anterior funiculus → image of White matter; central canal → image of White matter; lateral horn → image of White matter; gray commissure → image of White matter; posterior median sulcus → image of White matter; posterior funiculus → image of White matter; 11 - 7 → I0; posterior horn → image of White matter; white matter → image of White matter; gray matter → image of White matter; lateral funiculus → image of White matter; dorsal root of spinal nerve → image of White matter; dorsal root ganglion → image of White matter; (a) → I0; ventral root of spinal nerve → image of White matter"
"2939.png","A diagram showing the internal structure of a cell with labeled parts.","cytoplasm; endoplasmic reticulum; dna; nucleus; ribosomes; image of Cell","cytoplasm → image of Cell; endoplasmic reticulum → image of Cell; dna → image of Cell; nucleus → image of Cell; ribosomes → image of Cell; ribosomes → image of Cell"
"2940.png","A diagram showing the anatomy of the human mouth and throat.","uvula; oropharynx; tonsils; tongue; lip; hard palate; soft palate; image of Teeth","uvula → image of Teeth; oropharynx → image of Teeth; tonsils → image of Teeth; tonsils → image of Teeth; tongue → image of Teeth; lip → image of Teeth; hard palate → image of Teeth; soft palate → image of Teeth"
"2941.png","A diagram showing the anatomy of the human brain with a focus on the lobes and internal structures.","parietal lobe; frontal lobe; ©2009 webmd, llc.; temporal lobe; basal ganglia; brain stem; spinal cord; cerebellum; cortex; cranium; occipital lobe; image of Brain section; image of Frontal Lobe","parietal lobe → image of Frontal Lobe; frontal lobe → image of Frontal Lobe; ©2009 webmd, llc. → I0; temporal lobe → image of Frontal Lobe; basal ganglia → image of Brain section; brain stem → image of Brain section; spinal cord → image of Brain section; cerebellum → image of Brain section; cortex → image of Brain section; cranium → image of Brain section; occipital lobe → image of Frontal Lobe"
"2942.png","A diagram showing the parts of a neuron and neural communication.The title is: neural communication.","parts of the neuron; terminal branches of axon (form junctions with other cells); neural impulse (electrical signal traveling down the axon); myelin sheath (covers the axon of some neurons and helps speed neural impulses); soma (the cell body, which maintains the health of the neuron); dendrites (receive messages from other cells); neural communication; axon (passes messages away from the cell body to other neurons, muscles, or glands); image of Neuron","terminal branches of axon (form junctions with other cells) → image of Neuron; terminal branches of axon (form junctions with other cells) → image of Neuron; terminal branches of axon (form junctions with other cells) → image of Neuron; myelin sheath (covers the axon of some neurons and helps speed neural impulses) → image of Neuron; soma (the cell body, which maintains the health of the neuron) → image of Neuron; dendrites (receive messages from other cells) → image of Neuron; dendrites (receive messages from other cells) → image of Neuron; dendrites (receive messages from other cells) → image of Neuron; axon (passes messages away from the cell body to other neurons, muscles, or glands) → image of Neuron"
"2945.png","A diagram showing the anatomy of the human brain with labeled parts.","thalamus; hypothalamus; hippocampus; spinal cord; pituitary gland; midbrain pons; brainstem; cerebellum; cerebral cortex; corpus callosum; image of Thalamus","thalamus → image of Thalamus; hypothalamus → image of Thalamus; hippocampus → image of Thalamus; spinal cord → image of Thalamus; pituitary gland → image of Thalamus; midbrain pons → image of Thalamus; midbrain pons → image of Thalamus; midbrain pons → image of Thalamus; brainstem → image of Thalamus; cerebellum → image of Thalamus; cerebral cortex → image of Thalamus; corpus callosum → image of Thalamus"
"2948.png","A diagram showing the structure of a neuron","dendrite; soma; nucleus; axon; node of ranvier; myelin sheath; schwann cell; axon terminal; image of Neuron","dendrite → image of Neuron; soma → image of Neuron; nucleus → image of Neuron; axon → image of Neuron; node of ranvier → image of Neuron; myelin sheath → image of Neuron; schwann cell → image of Neuron; axon terminal → image of Neuron"
"2949.png","A diagram showing the cross-section of a cilium or flagellum structure with its components labeled.","plasma membrane; central microtubules; radial spokes; inner /sheath; nexin; b tubule; a tubule; doublet microtubule; dynein arms; image of Plasma membrane","plasma membrane → image of Plasma membrane; central microtubules → image of Plasma membrane; radial spokes → image of Plasma membrane; inner /sheath → image of Plasma membrane; nexin → image of Plasma membrane; b tubule → image of Plasma membrane; a tubule → image of Plasma membrane; doublet microtubule → image of Plasma membrane; dynein arms → image of Plasma membrane"
"2951.png","A diagram showing different types of simple machines. simple machines is the title.","inclined plane; screw; pulley; simple machines; wedge; wheel and axel; lever; image of Wedge; image of Wheel and Axle; image of Lever; image of Inclined Plane; image of Screw; image of Pulley","inclined plane → image of Inclined Plane; screw → image of Screw; pulley → image of Pulley; wedge → image of Wedge; wheel and axel → image of Wheel and Axle; lever → image of Lever"
"2952.png","A diagram showing a cross-section of the spinal cord with labeled parts.","white matter; dorsal horn; dorsal root; spinal ganglion; spinal nerve; ventral horn; ventral root; central canal; gray matter; image of Spinal nerve","white matter → image of Spinal nerve; dorsal horn → image of Spinal nerve; dorsal root → image of Spinal nerve; spinal ganglion → image of Spinal nerve; spinal nerve → image of Spinal nerve; ventral horn → image of Spinal nerve; ventral root → image of Spinal nerve; central canal → image of Spinal nerve; gray matter → image of Spinal nerve"
"2953.png","A diagram showing the lobes of the cerebrum in the human brain with labeled regions and cortexes.lobes of the cerebrum is the title.","motor cortex; somatosensory cortex; deep fissures divide the cortex of each cerebral hemisphere into four regions.; parietal lobe; occipital lobe; visual; temporal lobe; frontal lobe; auditory cortex; figure 4.11; lobes of the cerebrum; image of Parietal lobe","motor cortex → image of Parietal lobe; somatosensory cortex → image of Parietal lobe; deep fissures divide the cortex of each cerebral hemisphere into four regions. → I0; parietal lobe → image of Parietal lobe; occipital lobe → image of Parietal lobe; visual → image of Parietal lobe; temporal lobe → image of Parietal lobe; frontal lobe → image of Parietal lobe; auditory cortex → image of Parietal lobe; figure 4.11 → I0"
"2954.png","A diagram showing the cross-section of spinal cord with various components labeled.Titled as gray matter.","gray matter; dorsal horn; autonomic efferent nuclei; somatic motor nuclei; visceral sensory nuclei; somatic sensory nuclei; dorsal root ganglion; lateral horn; ventral root; ventral horn; afferent sensory information; efferent signals to muscles and glands via the ventral root; image of Nuclei","dorsal horn → image of Nuclei; autonomic efferent nuclei → image of Nuclei; somatic motor nuclei → image of Nuclei; visceral sensory nuclei → image of Nuclei; somatic sensory nuclei → image of Nuclei; dorsal root ganglion → image of Nuclei; lateral horn → image of Nuclei; ventral root → image of Nuclei; ventral horn → image of Nuclei; afferent sensory information → image of Nuclei; efferent signals to muscles and glands via the ventral root → image of Nuclei"
"2956.png","A diagram showing the different lobes of the human brain and other related structures","frontal lobe; parietal lobe; occipital lobe; temporal lobe; cerebellum; spinal cord; image of Brain","frontal lobe → image of Brain; parietal lobe → image of Brain; occipital lobe → image of Brain; temporal lobe → image of Brain; cerebellum → image of Brain; spinal cord → image of Brain"
"2957.png","A diagram showing the structure of a typical neuron. Its title is: structure of a typical neuron.","axon terminals; node of ranvier; cell body; schwann's cells; myelin sheath; axon; nucleus; structure of a typical neuron; dendrites; image of Dendrites","axon terminals → image of Dendrites; node of ranvier → image of Dendrites; cell body → image of Dendrites; schwann's cells → image of Dendrites; myelin sheath → image of Dendrites; axon → image of Dendrites; nucleus → image of Dendrites; dendrites → image of Dendrites"
"2958.png","A diagram showing the anatomy of the human mouth","gregory; tongue; floor of mouth; lip; teeth; hard palate; soft palate; uvula; retromolar trigone; buccal mucosa; tonsil; image of Mouth","gregory → I0; tongue → image of Mouth; floor of mouth → image of Mouth; lip → image of Mouth; teeth → image of Mouth; hard palate → image of Mouth; soft palate → image of Mouth; uvula → image of Mouth; retromolar trigone → image of Mouth; buccal mucosa → image of Mouth; tonsil → image of Mouth"
"2959.png","A diagram showing the anatomy of the human mouth. Titled as mouth.","hard palate; tonsil; vestibule of mouth; mouth; gingiva; tongue; uvula; soft palate; image of Mouth","hard palate → image of Mouth; tonsil → image of Mouth; vestibule of mouth → image of Mouth; gingiva → image of Mouth; tongue → image of Mouth; uvula → image of Mouth; soft palate → image of Mouth"
"2960.png","A diagram showing the human brain with labeled parts and their functions.","allina health system; parietal lobe controls: movement memory, recognition sensory information (such as touch, temperature, pain); frontal lobe controls: behavior and self-control decision-making, problem solving and planning emotions eye movement speech; occipital lobe controls vision; front; back; brain stem controls: breathing heart rate eating swallowing sleeping arousal; temporal lobe controls emotion hearing language memory; cerebellum controls: balance movement posture; image of Frontal lobe","allina health system → image of Frontal lobe; parietal lobe controls: movement memory, recognition sensory information (such as touch, temperature, pain) → image of Frontal lobe; frontal lobe controls: behavior and self-control decision-making, problem solving and planning emotions eye movement speech → image of Frontal lobe; occipital lobe controls vision → image of Frontal lobe; front → image of Frontal lobe; back → image of Frontal lobe; brain stem controls: breathing heart rate eating swallowing sleeping arousal → image of Frontal lobe; temporal lobe controls emotion hearing language memory → image of Frontal lobe; cerebellum controls: balance movement posture → image of Frontal lobe"
"2961.png","A diagram showing the cross-section of the spinal cord","posterior funiculus; posterior horn of gray matter; lateral funiculus; central canal; anterior funiculus; anterior horn of gray matter; image of Gray matter","posterior funiculus → image of Gray matter; posterior horn of gray matter → image of Gray matter; lateral funiculus → image of Gray matter; central canal → image of Gray matter; anterior funiculus → image of Gray matter; anterior horn of gray matter → image of Gray matter"
"2962.png","A diagram showing the structure of a neuron with its parts labeled.neuronal impulse is the title.","myelin sheath; donald bliss, mapb, medical illustration; dendrites; axon; terminal branches of axon; cell body (the cell's life support center); neuronal impulse; image of Dendrites","myelin sheath → image of Dendrites; donald bliss, mapb, medical illustration → I0; dendrites → image of Dendrites; axon → image of Dendrites; axon → image of Dendrites; axon → image of Dendrites; terminal branches of axon → image of Dendrites; terminal branches of axon → image of Dendrites; cell body (the cell's life support center) → image of Dendrites"
"2964.png","A diagram showing the different lobes and parts of the human brain","parietal lobe; occipital lobe; cerebellum; brain stem; temporal lobe; frontal lobe; image of Parietal Lobe","parietal lobe → image of Parietal Lobe; occipital lobe → image of Parietal Lobe; cerebellum → image of Parietal Lobe; brain stem → image of Parietal Lobe; temporal lobe → image of Parietal Lobe; frontal lobe → image of Parietal Lobe"
"2965.png","A diagram showing the anatomy of the human throat and related structures.","eustachian tube; nasopharynx; hard palate; oropharynx; hypopharynx; esophagus; trachea; larynx; epiglottis; tongue; soft palate; image of Eustachian tube","eustachian tube → image of Eustachian tube; nasopharynx → image of Eustachian tube; hard palate → image of Eustachian tube; oropharynx → image of Eustachian tube; hypopharynx → image of Eustachian tube; esophagus → image of Eustachian tube; trachea → image of Eustachian tube; larynx → image of Eustachian tube; epiglottis → image of Eustachian tube; tongue → image of Eustachian tube; soft palate → image of Eustachian tube"
"2969.png","A diagram showing the structure of a neuron","axon; myelin sheath; node of ranvier; axon terminals; dendrite; nucleus; cell body; image of Neuron","axon → image of Neuron; myelin sheath → image of Neuron; node of ranvier → image of Neuron; axon terminals → image of Neuron; dendrite → image of Neuron; nucleus → image of Neuron; cell body → image of Neuron"
"2970.png","A diagram showing a cross section of the spinal cord. Titled as cross section of the spinal cord z3294943.","cross section of the spinal cord z3294943; grey matter; ventral root; dorsal spinocerebellar tract; ventral spinocerebellar tract; white matter; dorsal root; dorsal root ganglion; lateral corticospinal tract; dorsal nucleus of clarke; anterior corticospinal tract; image of Dorsal Root Ganglion","grey matter → image of Dorsal Root Ganglion; ventral root → image of Dorsal Root Ganglion; dorsal spinocerebellar tract → image of Dorsal Root Ganglion; ventral spinocerebellar tract → image of Dorsal Root Ganglion; white matter → image of Dorsal Root Ganglion; dorsal root → image of Dorsal Root Ganglion; dorsal root ganglion → image of Dorsal Root Ganglion; lateral corticospinal tract → image of Dorsal Root Ganglion; dorsal nucleus of clarke → image of Dorsal Root Ganglion; anterior corticospinal tract → image of Dorsal Root Ganglion"
"2974.png","A diagram showing the major internal parts of the human brain. Titled as major internal parts of the human brain.","major internal parts of the human brain; cingulate sulcus; ©2001 howstuffworks; corpus callosum; diencephalon; anterior commissure; temporal lobe; midbrain; medulla; pons; cerebellum; image of Diencephalon","cingulate sulcus → image of Diencephalon; ©2001 howstuffworks → I0; corpus callosum → image of Diencephalon; diencephalon → image of Diencephalon; anterior commissure → image of Diencephalon; temporal lobe → image of Diencephalon; midbrain → image of Diencephalon; medulla → image of Diencephalon; pons → image of Diencephalon"
"2975.png","A diagram showing the anatomy of the human mouth and throat, with labels for various parts.","tongue; teeth; palate; anterior pillar; posterior pillar; tonsil; gums; lower lip; tonsil; pharynx; uvula; upper lip; gums; teeth; image of Blurred area","tongue → image of Blurred area; teeth → image of Blurred area; palate → image of Blurred area; anterior pillar → image of Blurred area; posterior pillar → image of Blurred area; tonsil → image of Blurred area; gums → image of Blurred area; lower lip → image of Blurred area; tonsil → image of Blurred area; pharynx → image of Blurred area; uvula → image of Blurred area; upper lip → image of Blurred area; gums → image of Blurred area; teeth → image of Blurred area"
"2977.png","A diagram showing the cross-section of the spinal cord with various labeled parts.","dorsolateral fasciculus; dorsal root; ii; vii; ix; viii; ventral median sulcus; ventral funiculus; ventral root; ventral funiculus; ventral horn; intermediate zone; dorsal horn; lateral horn; central canal; lateral funiculus; intermediolateral column; dorsal funiculi; lateral funiculus; iii; iv; i; vi; v; image of Tissue","dorsolateral fasciculus → image of Tissue; dorsal root → image of Tissue; ii → image of Tissue; vii → image of Tissue; ix → image of Tissue; viii → image of Tissue; ventral funiculus → image of Tissue; ventral root → image of Tissue; ventral funiculus → image of Tissue; ventral horn → image of Tissue; intermediate zone → image of Tissue; dorsal horn → image of Tissue; lateral horn → image of Tissue; central canal → image of Tissue; lateral funiculus → image of Tissue; intermediolateral column → image of Tissue; dorsal funiculi → image of Tissue; lateral funiculus → image of Tissue; iii → image of Tissue; iv → image of Tissue; i → image of Tissue; vi → image of Tissue; v → image of Tissue"
"2979.png","A diagram showing the anatomy of the human mouth and surrounding structures in an anterior view.anterior view is the title.","superior lip; superior labial frenulum; gingivae (gums); inferior labial frenulum; inferior lip; anterior view; hard palate; soft palate; uvula; cheek; molars; premolars; gingivae (gums); cuspid (canine); incisors; oral vestibule; palatoglossal arch; fauces; palatopharyngeal arch; palatine tonsil; tongue (underside); lingual frenulum; opening duct of submandibular gland; image of Mouth anatomy","superior lip → image of Mouth anatomy; superior labial frenulum → image of Mouth anatomy; gingivae (gums) → image of Mouth anatomy; inferior labial frenulum → image of Mouth anatomy; inferior lip → image of Mouth anatomy; hard palate → image of Mouth anatomy; soft palate → image of Mouth anatomy; uvula → image of Mouth anatomy; cheek → image of Mouth anatomy; molars → image of Mouth anatomy; premolars → image of Mouth anatomy; gingivae (gums) → image of Mouth anatomy; cuspid (canine) → image of Mouth anatomy; incisors → image of Mouth anatomy; oral vestibule → image of Mouth anatomy; palatoglossal arch → image of Mouth anatomy; fauces → image of Mouth anatomy; palatopharyngeal arch → image of Mouth anatomy; palatine tonsil → image of Mouth anatomy; tongue (underside) → image of Mouth anatomy; lingual frenulum → image of Mouth anatomy; opening duct of submandibular gland → image of Mouth anatomy"
"2980.png","A diagram showing the different parts of the human brain.The image has a title: parts of the human brain.","cerebellum; spinal cord; temporal lobe; parts of the human brain; frontal lobe; parietal lobe; occipital lobe; image of Brain","cerebellum → image of Brain; spinal cord → image of Brain; temporal lobe → image of Brain; frontal lobe → image of Brain; parietal lobe → image of Brain; occipital lobe → image of Brain"
"2981.png","A diagram showing the structure of a neuron","cell body; dendrite; schwann cell (myelin sheath); axon; nodes of ranvier; axon terminals; nucleus; image of Neuron","cell body → image of Neuron; dendrite → image of Neuron; schwann cell (myelin sheath) → image of Neuron; axon → image of Neuron; nodes of ranvier → image of Neuron; nucleus → image of Neuron"
"2982.png","A diagram showing various parts of the human brain with labeled regions and structures.","pons; midbrain; prefrontal cortex; temporal lobe; brain stem; medulla; cerebellum; frontal lobe; parietal lobe; basal ganglia; occipital lobe; anterior cingulate gyrus; deep limbic; image of Limbic system","pons → image of Limbic system; midbrain → image of Limbic system; prefrontal cortex → image of Limbic system; temporal lobe → image of Limbic system; brain stem → image of Limbic system; medulla → image of Limbic system; cerebellum → image of Limbic system; frontal lobe → image of Limbic system; parietal lobe → image of Limbic system; basal ganglia → image of Limbic system; occipital lobe → image of Limbic system; anterior cingulate gyrus → image of Limbic system; deep limbic → image of Limbic system"
"2983.png","A diagram showing the cross-section of the spinal cord with labeled motor and sensory tracts.","www.bandhayoga.com; descending (motor)tracts; ascending(sensory)tracts; dorsal columns(proprioception,deep touch,vibration); lateral coticospinal tract(motor); ventral coticospinal tract(motor); ventral spinothalamic tract (light touch); lateral spinothalamic tract(pain,temperature); image of Dorsal Columns","www.bandhayoga.com → I0; descending (motor)tracts → image of Dorsal Columns; ascending(sensory)tracts → image of Dorsal Columns; dorsal columns(proprioception,deep touch,vibration) → image of Dorsal Columns; lateral coticospinal tract(motor) → image of Dorsal Columns; ventral coticospinal tract(motor) → image of Dorsal Columns; ventral spinothalamic tract (light touch) → image of Dorsal Columns; lateral spinothalamic tract(pain,temperature) → image of Dorsal Columns"
"2984.png","A diagram showing a cross-section of the spinal cord and its surrounding structures","anterior horn; central canal; vertebra; gray matter; epidural space; white matter; arachnoid; dura mater; pia mater; posterior horn; subarachnoid space; spinal cord; epidural space; image of Spinal cord","anterior horn → image of Spinal cord; central canal → image of Spinal cord; vertebra → image of Spinal cord; gray matter → image of Spinal cord; epidural space → image of Spinal cord; white matter → image of Spinal cord; arachnoid → image of Spinal cord; dura mater → image of Spinal cord; pia mater → image of Spinal cord; posterior horn → image of Spinal cord; subarachnoid space → image of Spinal cord; spinal cord → image of Spinal cord; epidural space → image of Spinal cord"
"2985.png","A diagram showing the direction of tooth movement with braces. The title is: animated-teeth.com.","f; animated-teeth.com; d; 2009 wmds, inc.; a; b; g; e; b; c; a; g; image of Arrows","f → image of Arrows; d → image of Arrows; 2009 wmds, inc. → I0; a → image of Arrows; b → image of Arrows; g → image of Arrows; e → image of Arrows; b → image of Arrows; c → image of Arrows; a → image of Arrows; g → image of Arrows"
"2986.png","A diagram showing the structure of a neuron with labeled parts","5; 6; 7; 1; 2; 3; 4; image of Neuron","5 → image of Neuron; 6 → image of Neuron; 7 → image of Neuron; 1 → image of Neuron; 2 → image of Neuron; 3 → image of Neuron; 4 → image of Neuron"
"2987.png","A diagram showing various parts of the human brain with labeled regions and structures.","layer of the four twins; the wedge (cuneus); translucent wall; hard body (corpus callosum); the belt (cingulate gyrus); bark (cortex); arch (fornix); pine cone gland (pineal gland); http://upload.wikimedia.org/wikipedia/commons/e/ea/sobo 1909 624 .png; the tongue; the worm (vermis); little brain; inner chamber (thalamus); bridge (pons); breast -like things (mammillary bodies); long-ish marrow (medulla oblongata); slime gland (pituitary gland); image of Pineal Gland","layer of the four twins → image of Pineal Gland; the wedge (cuneus) → image of Pineal Gland; translucent wall → image of Pineal Gland; hard body (corpus callosum) → image of Pineal Gland; the belt (cingulate gyrus) → image of Pineal Gland; bark (cortex) → image of Pineal Gland; arch (fornix) → image of Pineal Gland; pine cone gland (pineal gland) → image of Pineal Gland; http://upload.wikimedia.org/wikipedia/commons/e/ea/sobo 1909 624 .png → I0; the tongue → image of Pineal Gland; the worm (vermis) → image of Pineal Gland; little brain → image of Pineal Gland; inner chamber (thalamus) → image of Pineal Gland; bridge (pons) → image of Pineal Gland; breast -like things (mammillary bodies) → image of Pineal Gland; long-ish marrow (medulla oblongata) → image of Pineal Gland; slime gland (pituitary gland) → image of Pineal Gland"
"2989.png","A diagram showing the different parts of the human brain within a profile outline of a head.","occipital lobe ; temporal lobe ; cerebellum ; brainstem ; frontal lobe ; prefrontal cortex ; copied with permission from westmead children's hospital, sydney; parietal lobe ; image of Frontal lobe","occipital lobe  → image of Frontal lobe; temporal lobe  → image of Frontal lobe; cerebellum  → image of Frontal lobe; brainstem  → image of Frontal lobe; frontal lobe  → image of Frontal lobe; prefrontal cortex  → image of Frontal lobe; copied with permission from westmead children's hospital, sydney → I0; parietal lobe  → image of Frontal lobe"
"2990.png","A diagram showing the structure of a neuron","nucleus; myelin sheath; axon; 2000 john wiley & sons, inc.; dendrite; axon terminal; soma (cell body); image of Neuron","nucleus → image of Neuron; myelin sheath → image of Neuron; axon → image of Neuron; 2000 john wiley & sons, inc. → I0; dendrite → image of Neuron; axon terminal → image of Neuron; soma (cell body) → image of Neuron"
"2991.png","A diagram showing the structure of a neuron","dendrites; axons from other neurons; cell body; axon hillock; terminal fibers; terminal button; nucleus; synapses; axon; image of Neuron","dendrites → image of Neuron; axons from other neurons → image of Neuron; axons from other neurons → image of Neuron; cell body → image of Neuron; axon hillock → image of Neuron; terminal fibers → image of Neuron; terminal button → image of Neuron; nucleus → image of Neuron; synapses → image of Neuron; axon → image of Neuron"
"2992.png","A diagram showing the side view of the human brain with labeled parts.Titled as human brain -side view.","www.shutterstock.com; human brain -side view; pituitary gland; medulla; pons; cerebrum; corpus callosum; ventricles; thalamus; midbrain; brain stem; cerebellum; hypothalamus; image of Cerebrum","www.shutterstock.com → I0; pituitary gland → image of Cerebrum; medulla → image of Cerebrum; pons → image of Cerebrum; cerebrum → image of Cerebrum; corpus callosum → image of Cerebrum; ventricles → image of Cerebrum; thalamus → image of Cerebrum; midbrain → image of Cerebrum; brain stem → image of Cerebrum; cerebellum → image of Cerebrum; hypothalamus → image of Cerebrum"
"2993.png","A diagram showing a cross section of the spinal cord with the route taken by afferent and efferent axons. The title is: cross section of the spinal cord, showing route taken by afferent and efferent axons.","dorsal root; to brain; vertebra; subarachnoid space; ventral root; efferent axon; motor neuron; spinal cord; cross section of the spinal cord, showing route taken by afferent and efferent axons; dura mater; afferent; dorsal root ganglion; arachnoid membrane; pia mater; spinal ; fat tissue (for cushioning); image of Dorsal root ganglion","dorsal root → image of Dorsal root ganglion; to brain → image of Dorsal root ganglion; vertebra → image of Dorsal root ganglion; subarachnoid space → image of Dorsal root ganglion; ventral root → image of Dorsal root ganglion; efferent axon → image of Dorsal root ganglion; motor neuron → image of Dorsal root ganglion; spinal cord → image of Dorsal root ganglion; dura mater → image of Dorsal root ganglion; afferent → image of Dorsal root ganglion; dorsal root ganglion → image of Dorsal root ganglion; arachnoid membrane → image of Dorsal root ganglion; pia mater → image of Dorsal root ganglion; spinal  → image of Dorsal root ganglion; fat tissue (for cushioning) → image of Dorsal root ganglion"
"2994.png","A diagram showing the structure of a neuron and its components","myelin sheath; axon terminals; nodes of ranvier; cell body; schwann cells; axon; nucleus; dendrites; image of Neuron","myelin sheath → image of Neuron; axon terminals → image of Neuron; nodes of ranvier → image of Neuron; cell body → image of Neuron; schwann cells → image of Neuron; axon → image of Neuron; nucleus → image of Neuron; dendrites → image of Neuron"
"2995.png","A diagram showing the cross-section of a plant stem with its different layers and components.","epidermis/bark; cork cambium; cortex; primary phloem; secondary xylem; vascular cambium; primary xylem; secondary phloem; image of Tissues","epidermis/bark → image of Tissues; cork cambium → image of Tissues; cortex → image of Tissues; primary phloem → image of Tissues; secondary xylem → image of Tissues; vascular cambium → image of Tissues; primary xylem → image of Tissues; secondary phloem → image of Tissues"
"2996.png","A diagram showing an annotated illustration of a mouth with labeled parts.","forward bumper; nosferatu's lament; o-ring; crumb catcher; upper umami; savory trails; the backboard; bitterville; salinovitz; careme's alley; sweet tooth; corn stranglers; image of Mouth","forward bumper → image of Mouth; nosferatu's lament → image of Mouth; o-ring → image of Mouth; crumb catcher → image of Mouth; upper umami → image of Mouth; savory trails → image of Mouth; the backboard → image of Mouth; bitterville → image of Mouth; salinovitz → image of Mouth; careme's alley → image of Mouth; sweet tooth → image of Mouth; corn stranglers → image of Mouth"
"2998.png","A diagram showing the three main parts of the human brain.Titled as three main parts of the brain.","parts of the brain; three main parts of the brain; cerebrum; brain stem (medulla); cerebellum; image of Label","cerebrum → image of Label; brain stem (medulla) → image of Label; cerebellum → image of Label"
"2999.png","A diagram showing the functional areas of the brain. Titled as the brain.","the brain; functional areas; parietal lobe; gustatory area; primary visual cortex; wernicke's area; optic radiation; cerebellum; medulla oblongata; spinal cord; @2009drtummy.com; premotor cortex; broca's area; prefrontal cortex; left cerebral hemisphere; primary auditory cortex; pons; motor cortex; primary somatic sensory cortex; image of Broca's area","functional areas → I0; parietal lobe → image of Broca's area; gustatory area → image of Broca's area; primary visual cortex → image of Broca's area; wernicke's area → image of Broca's area; optic radiation → image of Broca's area; cerebellum → image of Broca's area; medulla oblongata → image of Broca's area; spinal cord → image of Broca's area; @2009drtummy.com → I0; premotor cortex → image of Broca's area; broca's area → image of Broca's area; prefrontal cortex → image of Broca's area; left cerebral hemisphere → image of Broca's area; primary auditory cortex → image of Broca's area; pons → image of Broca's area; motor cortex → image of Broca's area; primary somatic sensory cortex → image of Broca's area"
"3001.png","A diagram showing cross-sectional compositions of various celestial bodies","ice; silicate; silicate; .callisto; ganymede (1.93); ice; silicate; silicate; metal; lo (3.50); metal; silicate; earth (5.52); mercury (5.44); metal; image of Ganymede; image of Io; image of Metal core; image of Mercury; image of Earth","ice → image of Io; silicate → image of Mercury; .callisto → image of Io; ganymede (1.93) → image of Ganymede; ice → image of Ganymede; silicate → image of Ganymede; silicate → image of Metal core; metal → image of Metal core; lo (3.50) → image of Metal core; metal → image of Earth; silicate → image of Earth; earth (5.52) → image of Earth; mercury (5.44) → image of Mercury"
"3003.png","A diagram showing the structure of a neuron with its components labeled.","dendrite; node of ranvier; schwann cell nucleus; axon; myelin; myelinated region; unmyelinated region; axon; cell; nucleus; image of Neuron","dendrite → image of Neuron; node of ranvier → image of Neuron; schwann cell nucleus → image of Neuron; axon → image of Neuron; myelin → image of Neuron; myelinated region → image of Neuron; unmyelinated region → image of Neuron; axon → image of Neuron; cell → image of Neuron"
"3004.png","A diagram showing a cross section of the human brain. Its title is: figure 1.2 a cross section of the human brain.","thalamus; cerebrum; corpus callosum; limbic area; hypothalamus; hippocampus; brainstem (ras); figure 1.2 a cross section of the human brain; amygdala; image of Hypothalamus","thalamus → image of Hypothalamus; cerebrum → image of Hypothalamus; corpus callosum → image of Hypothalamus; limbic area → image of Hypothalamus; hypothalamus → image of Hypothalamus; hippocampus → image of Hypothalamus; brainstem (ras) → image of Hypothalamus; amygdala → image of Hypothalamus"
"3005.png","A diagram showing the different parts of the human brain","cerebellum; spinal cord; brain stem; temporal lobes; frontal lobes; parietal lobes; occipital lobes; image of Frontal lobes","cerebellum → image of Frontal lobes; spinal cord → image of Frontal lobes; brain stem → image of Frontal lobes; temporal lobes → image of Frontal lobes; frontal lobes → image of Frontal lobes; parietal lobes → image of Frontal lobes; occipital lobes → image of Frontal lobes"
"3007.png","A diagram showing the parts of a pinnately compound leaf.Titled as pinnately compound leaf.","leaflet; rachis; petiolule; petiole; bud; pinnately compound leaf; image of Leaf structure","leaflet → image of Leaf structure; rachis → image of Leaf structure; petiolule → image of Leaf structure; petiole → image of Leaf structure; bud → image of Leaf structure"
"3008.png","A diagram showing the cross-section of a tree trunk with labeled parts.","outer bark; phloem (inner bark); cambium; sapwood; heartwood; pith; image of Tree trunk","outer bark → image of Tree trunk; phloem (inner bark) → image of Tree trunk; cambium → image of Tree trunk; sapwood → image of Tree trunk; heartwood → image of Tree trunk; pith → image of Tree trunk"
"3009.png","A diagram showing the anatomy of the human mouth and throat.","molars; premolars; lateral incisor; canine; oropharynx; gum; hard palate; uvula; soft palate; tonsils; tongue; labial frenulum; central incisor; image of Mouth","molars → image of Mouth; molars → image of Mouth; premolars → image of Mouth; lateral incisor → image of Mouth; canine → image of Mouth; oropharynx → image of Mouth; gum → image of Mouth; hard palate → image of Mouth; uvula → image of Mouth; soft palate → image of Mouth; tonsils → image of Mouth; tongue → image of Mouth; labial frenulum → image of Mouth; central incisor → image of Mouth"
"3010.png","A diagram showing the different lobes and parts of the human brain.","brain stem; occipital lobe; cerebellum; myhealthyfeeling.com; frontal lobe; parietal lobe; temporal lobe; image of Frontal lobe","brain stem → image of Frontal lobe; occipital lobe → image of Frontal lobe; cerebellum → image of Frontal lobe; myhealthyfeeling.com → I0; frontal lobe → image of Frontal lobe; parietal lobe → image of Frontal lobe; temporal lobe → image of Frontal lobe"
"3011.png","A diagram showing a cross-section of a biological structure with labeled parts","2; 4; 5; 3; 1; image of Cross-section","2 → image of Cross-section; 4 → image of Cross-section; 5 → image of Cross-section; 3 → image of Cross-section; 1 → image of Cross-section"
"3015.png","A diagram showing a midsagittal view of the human brain with labeled parts.a midsagittal view showing the inner boundaries of the lobes of the cerebral cortex (structures outside of the cerebrum are labeled in italics.) is the title.","precentral gyrus; a midsagittal view showing the inner boundaries of the lobes of the cerebral cortex (structures outside of the cerebrum are labeled in italics.); aqueduct of the midbrain; fourth ventricle; cerebellum; pons; medulla oblongata; mamillary body; temporal lobe; optic chiasm; hypothalamus; thalamus; central sulcus; corpus callosum; frontal lobe; 2011 pearson education, inc.; postcentral gyrus; limbic lobe; parietal lobe; parieto-occipital sulcus; occipital lobe; pineal gland; corpora quadrigemina; image of Brainstem","precentral gyrus → image of Brainstem; aqueduct of the midbrain → image of Brainstem; fourth ventricle → image of Brainstem; cerebellum → image of Brainstem; pons → image of Brainstem; medulla oblongata → image of Brainstem; mamillary body → image of Brainstem; temporal lobe → image of Brainstem; optic chiasm → image of Brainstem; hypothalamus → image of Brainstem; thalamus → image of Brainstem; central sulcus → image of Brainstem; corpus callosum → image of Brainstem; frontal lobe → image of Brainstem; 2011 pearson education, inc. → I0; postcentral gyrus → image of Brainstem; limbic lobe → image of Brainstem; parietal lobe → image of Brainstem; parieto-occipital sulcus → image of Brainstem; occipital lobe → image of Brainstem; pineal gland → image of Brainstem; corpora quadrigemina → image of Brainstem"
"3016.png","A diagram showing the anatomy of the heel area of a foot","achilles tendon; bursa; physis (growth plate); calcaneus; plantar fascia; image of Heel","achilles tendon → image of Heel; bursa → image of Heel; physis (growth plate) → image of Heel; calcaneus → image of Heel; plantar fascia → image of Heel"
"3017.png","A diagram showing the bones of the human ankle and foot","fibula; tibia; talus; image of Ankle bones","fibula → image of Ankle bones; tibia → image of Ankle bones; talus → image of Ankle bones"
"3018.png","A diagram showing the stages of bone fusion over time. Titled as time of union.","time of union; rarely unite, except in old age; 6; between puberty and the 25th year; soon after puberty; partly cartilaginous to advanced life; 1; 2; 3; 4; 5; image of Vertebrae","rarely unite, except in old age → image of Vertebrae; 6 → image of Vertebrae; between puberty and the 25th year → image of Vertebrae; soon after puberty → image of Vertebrae; partly cartilaginous to advanced life → image of Vertebrae; 1 → image of Vertebrae; 2 → image of Vertebrae; 3 → image of Vertebrae; 4 → image of Vertebrae; 5 → image of Vertebrae"
"3019.png","A diagram showing parts of a flowering plant","fall; style arm; stalk (stem); bud; spathe, covering the ovary; standard; beard; beard; branch; leaves (fan); rhizome; roots; new increase; image of Iris flower","fall → image of Iris flower; style arm → image of Iris flower; stalk (stem) → image of Iris flower; bud → image of Iris flower; spathe, covering the ovary → image of Iris flower; standard → image of Iris flower; beard → image of Iris flower; beard → image of Iris flower; branch → image of Iris flower; leaves (fan) → image of Iris flower; rhizome → image of Iris flower; roots → image of Iris flower; new increase → image of Iris flower"
"3020.png","A diagram showing parts of a flower","standard; style branch; stem; fall; image of Flower","standard → image of Flower; style branch → image of Flower; stem → image of Flower; fall → image of Flower"
"3021.png","A diagram showing the cross-section of a flower with its parts labeled.","a; b; x; c; d; image of Flower","a → image of Flower; b → image of Flower; x → image of Flower; c → image of Flower; d → image of Flower"
"3022.png","A diagram showing the parts of a flower","ovule; ovary; style; stigma; pistil; anther; stamen; filament; petal; sepal; image of Stigma","ovule → image of Stigma; ovary → image of Stigma; style → image of Stigma; stigma → image of Stigma; pistil → image of Stigma; anther → image of Stigma; stamen → image of Stigma; filament → image of Stigma; petal → image of Stigma; sepal → image of Stigma"
"3023.png","A diagram showing the anatomy of a flower and its parts.","bloom scar; seed pod; throat; sepal; proliferation; foliage; pistil; crown; roots; stamen; ovary; stigma; bud; style; filament; anther; spent bloom; bract; petal; scape; stamen; pistil; midrib; image of Flower Anatomy","bloom scar → image of Flower Anatomy; seed pod → image of Flower Anatomy; throat → image of Flower Anatomy; sepal → image of Flower Anatomy; proliferation → image of Flower Anatomy; crown → image of Flower Anatomy; roots → image of Flower Anatomy; stamen → image of Flower Anatomy; ovary → image of Flower Anatomy; stigma → image of Flower Anatomy; bud → image of Flower Anatomy; style → image of Flower Anatomy; filament → image of Flower Anatomy; spent bloom → image of Flower Anatomy; bract → image of Flower Anatomy; petal → image of Flower Anatomy; scape → image of Flower Anatomy; stamen → image of Flower Anatomy; pistil → image of Flower Anatomy; midrib → image of Flower Anatomy"
"3024.png","A diagram showing the parts of a flower. The title is: parts of a flower.","stamen; anther; stigma; style; ovary; filament; sepal; receptacle; parts of a flower; anther receptacle filament sepal ovary stamen petal stigma pistil style ; @ edhelper; petal; pistil; image of Pistil","stamen → image of Pistil; anther → image of Pistil; stigma → image of Pistil; style → image of Pistil; ovary → image of Pistil; filament → image of Pistil; sepal → image of Pistil; receptacle → image of Pistil; anther receptacle filament sepal ovary stamen petal stigma pistil style  → I0; @ edhelper → I0; petal → image of Pistil; pistil → image of Pistil"
"3025.png","A diagram showing the cross-section of a flower with its parts labeled.","d; c; a; b; x; image of Anthers","d → image of Anthers; c → image of Anthers; a → image of Anthers; b → image of Anthers; x → image of Anthers"
"3026.png","A diagram showing the cross-section of a petal at the tip.The title is: figure 1. cross-section of the petal at the tip..","figure 1. cross-section of the petal at the tip.; upper epidermis; intercelluar space; mesophyll; lacunae; lower epidermis; image of Annotations","upper epidermis → image of Annotations; intercelluar space → image of Annotations; mesophyll → image of Annotations; lacunae → image of Annotations; lower epidermis → image of Annotations"
"3027.png","A diagram showing the structure of a Lilium gynoecium, including a transverse section of a syncarpous ovary.The title is: 9.98.4 lilium gynoecium.","9.98.4 lilium gynoecium; 3 - lobed stigma; transverse section of syncarpous ovary; style; ovary of 3 carpels; ovule; locule; receptacle; vascular bundle; image of ; image of Stigma","3 - lobed stigma → image of Stigma; transverse section of syncarpous ovary → image of ; style → image of Stigma; ovary of 3 carpels → image of Stigma; ovule → image of ; locule → image of ; receptacle → image of Stigma; vascular bundle → image of "
"3028.png","A diagram showing the parts of a flower","petal; stamen; pistil; sepal; receptacle; pedicel; image of Flower","petal → image of Flower; stamen → image of Flower; pistil → image of Flower; sepal → image of Flower; receptacle → image of Flower; pedicel → image of Flower"
"3029.png","A diagram showing the anatomy of a grass plant","rachis; inflorescence (panicle-type); rhizome; spikelet peduncle; flag leaf; culm node; blade; sheath; stolon; collar; crown; image of Plant","rachis → image of Plant; inflorescence (panicle-type) → image of Plant; rhizome → image of Plant; spikelet peduncle → image of Plant; spikelet peduncle → image of Plant; spikelet peduncle → image of Plant; flag leaf → image of Plant; culm node → image of Plant; blade → image of Plant; sheath → image of Plant; stolon → image of Plant; collar → image of Plant; crown → image of Plant"
"3030.png","A diagram showing the parts of a leaf","sinus; lobe; palmate ; image of Leaf","sinus → image of Leaf; lobe → image of Leaf; palmate  → image of Leaf"
"3031.png","A diagram showing the human speech production mechanism.The image has a title: a schematic diagram of the human speech production mechanism..","diaphragm ; lung; esophagus; larynx; pharyngeal cavity; soft palate (velum); hard palate; a schematic diagram of the human speech production mechanism.; trachea; jaw; oral (or buccal) cavity; teeth; tongue; lip; nostril; nasal cavity; image of Anatomy","diaphragm  → image of Anatomy; lung → image of Anatomy; esophagus → image of Anatomy; larynx → image of Anatomy; pharyngeal cavity → image of Anatomy; soft palate (velum) → image of Anatomy; hard palate → image of Anatomy; trachea → image of Anatomy; jaw → image of Anatomy; oral (or buccal) cavity → image of Anatomy; teeth → image of Anatomy; tongue → image of Anatomy; lip → image of Anatomy; nostril → image of Anatomy; nasal cavity → image of Anatomy"
"3556.png","A diagram showing a child's face with labeled facial features","hair; eye(s); nose; mouth; ear(s); image of Face","hair → image of Face; eye(s) → image of Face; nose → image of Face; mouth → image of Face; ear(s) → image of Face"
"3557.png","A diagram showing a human skeleton with labeled parts.","skull; shoulder; elbow; neck; spine; hip; knee; ribs; wrist; ankle; image of Skull","skull → image of Skull; shoulder → image of Skull; elbow → image of Skull; neck → image of Skull; spine → image of Skull; hip → image of Skull; knee → image of Skull; ribs → image of Skull; wrist → image of Skull; ankle → image of Skull"
"3558.png","A diagram showing labeled parts of the human body","elbow; eye; toe; tongue; mouth; lips; leg; knee; hip; head; ear; bottom; face; belly button; foot; arm; back; finger; hair; hand; neck; nose; shoulder; tummy; image of Belly button; image of Foot; image of Tummy; image of Eye; image of Nose; image of Face; image of Elbow; image of Hair; image of Tongue; image of Neck; image of Finger; image of Back; image of Hand; image of Toe; image of Hip; image of Arm; image of Ear; image of Leg; image of Knee; image of Bottom; image of Lips","image of Hip → image of Hip; elbow → image of Elbow; eye → image of Eye; toe → image of Toe; tongue → image of Tongue; lips → image of Lips; leg → image of Leg; knee → image of Knee; hip → image of Hip; head → image of Hand; ear → image of Ear; bottom → image of Bottom; face → image of Face; belly button → image of Belly button; foot → image of Foot; arm → image of Arm; finger → image of Finger; hair → image of Back; hand → image of Hair; neck → image of Neck; nose → image of Nose; tummy → image of Tummy"
"3559.png","A diagram showing various muscle groups on a human body","shoulders; chest; arms; back; hips; abdominals; thighs; lower legs; image of Muscle labels","shoulders → image of Muscle labels; chest → image of Muscle labels; arms → image of Muscle labels; back → image of Muscle labels; hips → image of Muscle labels; abdominals → image of Muscle labels; thighs → image of Muscle labels; lower legs → image of Muscle labels"
"3561.png","A diagram showing the human digestive system","liver; gallbladder; stomach; small intestine; rectum; appendix; large intestine (colon); healthwise, incorporated; image of Head/Neck","liver → image of Head/Neck; gallbladder → image of Head/Neck; stomach → image of Head/Neck; small intestine → image of Head/Neck; rectum → image of Head/Neck; appendix → image of Head/Neck; large intestine (colon) → image of Head/Neck; healthwise, incorporated → I0"
"3562.png","A diagram showing different areas of the head and neck with labels.","forehead; temples; nose; around the mouth; neck; decollete; chin; cheeks; image of Forehead","forehead → image of Forehead; temples → image of Forehead; nose → image of Forehead; around the mouth → image of Forehead; neck → image of Forehead; decollete → image of Forehead; chin → image of Forehead; cheeks → image of Forehead"
"3563.png","A diagram showing the human body with labeled parts","eyes; bones; arteries & veins; joints; brain; skin; heart; ligaments; tendons; connective tissues; image of Eyes","eyes → image of Eyes; bones → image of Eyes; arteries & veins → image of Eyes; joints → image of Eyes; brain → image of Eyes; skin → image of Eyes; heart → image of Eyes; ligaments → image of Eyes; tendons → image of Eyes; connective tissues → image of Eyes"
"3564.png","A diagram showing different muscle groups on a human body","biceps; chest; shoulders; forearms; abdominals; hips-abductors; quadriceps; adductors; calves; image of Muscles","biceps → image of Muscles; chest → image of Muscles; shoulders → image of Muscles; forearms → image of Muscles; abdominals → image of Muscles; hips-abductors → image of Muscles; quadriceps → image of Muscles; adductors → image of Muscles; calves → image of Muscles"
"3565.png","A diagram showing the internal structure of a chloroplast. The title is: chloroplast.","chloroplast; inner membrane; outer membrane; lumen; stroma lamellae; thylakoid; intermembrane space; stroma; granum; (c) 2008 encylopaedia britannica, inc.; image of Thylakoid","inner membrane → image of Thylakoid; outer membrane → image of Thylakoid; lumen → image of Thylakoid; stroma lamellae → image of Thylakoid; thylakoid → image of Thylakoid; intermembrane space → image of Thylakoid; stroma → image of Thylakoid; granum → image of Thylakoid; (c) 2008 encylopaedia britannica, inc. → I0"
"3566.png","A diagram showing the three-dimensional model of chloroplast membranes. three-dimensional model of chloroplast membranes is the title.","inner membrane; (b); granum (stack of thylakoids); thylakoid; stroma (aqueous space); three-dimensional model of chloroplast membranes; outer membrane; image of Chloroplast","inner membrane → image of Chloroplast; (b) → I0; granum (stack of thylakoids) → image of Chloroplast; thylakoid → image of Chloroplast; stroma (aqueous space) → image of Chloroplast; outer membrane → image of Chloroplast"
"3567.png","A diagram showing the internal structure of a leaf with labeled parts.","chloroplasts; epidermis; vascular bundle sheath; epidermis; xylem; phloem; palisade parenchyma; spongy parenchyma; mesophyll; stoma (pore); guard cell; cuticle; image of Leaf; image of Xylem","chloroplasts → image of Xylem; chloroplasts → image of Xylem; epidermis → image of Xylem; vascular bundle sheath → image of Xylem; epidermis → image of Xylem; xylem → image of Xylem; phloem → image of Xylem; palisade parenchyma → image of Xylem; spongy parenchyma → image of Xylem; mesophyll → image of Xylem; stoma (pore) → image of Xylem; guard cell → image of Xylem; cuticle → image of Xylem"
"3568.png","A diagram showing the structure of a leaf's epidermis. The image has a title: plants.","the leaf: epidermis; cuticle; palisa de mesophyll; vein; epidermis; plants; structures; so  how does co2 and water molecules needed for photosynthesis enter the leaf?; through the stoma; co2 in; o2 out; guard cells; stoma; moist air space; spongy mesophyll; image of Stoma","the leaf: epidermis → I0; cuticle → I0; palisa de mesophyll → image of Stoma; vein → image of Stoma; epidermis → image of Stoma; structures → I0; so  how does co2 and water molecules needed for photosynthesis enter the leaf? → I0; through the stoma → I0; co2 in → image of Stoma; o2 out → image of Stoma; guard cells → image of Stoma; stoma → image of Stoma; moist air space → image of Stoma; spongy mesophyll → image of Stoma"
"3569.png","A diagram showing the structure of a leaf and its cross-section. The image has a title: leaf structure.","leaf structure; cuticle epidermis; mesophyll; bundle sheath; vascular bundle; stoma; palisade mesophyll cell; spongy mesophyll cell; image of Cross-section; image of Leaf","cuticle epidermis → image of Cross-section; mesophyll → image of Cross-section; bundle sheath → image of Cross-section; vascular bundle → image of Cross-section; stoma → image of Cross-section; palisade mesophyll cell → image of Cross-section; spongy mesophyll cell → image of Cross-section"
"3570.png","A diagram showing the structure of a leaf. The image has a title: structure of a leaf.","structure of a leaf; spongy mesophyll; palisade mesophyll; moist air space; epidermis; guard cells; vein; o2 out; co2 in; image of Leaf cross-section","spongy mesophyll → image of Leaf cross-section; palisade mesophyll → image of Leaf cross-section; moist air space → image of Leaf cross-section; epidermis → image of Leaf cross-section; guard cells → image of Leaf cross-section; vein → image of Leaf cross-section; o2 out → image of Leaf cross-section; co2 in → image of Leaf cross-section"
"3571.png","A diagram showing plants associated with coffee, tea, and sugar production. Its title is: coffee, tea and sugar.","coffee, tea and sugar; coffee plant; tea plant; sugarcane; image of Leaves; image of Beans; image of Flowers; image of Stalk","coffee plant → image of Leaves; tea plant → image of Flowers; sugarcane → image of Stalk"
"3572.png","A diagram showing the stages of seed germination for a bean (dicot).","seed germination; foliage leaves; cotyledons; seed coat; bean (dicot); primary root; young shoot; germinating seed; image of Germinating seed; image of Cotyledons; image of Foliage leaves","seed germination → image of Foliage leaves; foliage leaves → image of Foliage leaves; cotyledons → image of Cotyledons; seed coat → image of Cotyledons; bean (dicot) → I0; primary root → image of Cotyledons; young shoot → image of Cotyledons; germinating seed → image of Germinating seed"
"3573.png","A diagram showing the stages of plant growth","hypocotyl; epicotyl; cotyledon; hypocotyl; epicotyl; cotyledon; hypocotyl; image of Germination; image of Development","hypocotyl → image of Development; epicotyl → image of Development; epicotyl → image of Development; cotyledon → image of Development; hypocotyl → image of Development; epicotyl → image of Germination; cotyledon → image of Germination; hypocotyl → image of Germination"
"3574.png","A diagram showing the parts of a potato plant","main stems; lateral stem; compound leaf; fruit; flowers; stolons; mother tuber; roots; tuber; image of Plant parts labels","main stems → image of Plant parts labels; lateral stem → image of Plant parts labels; compound leaf → image of Plant parts labels; fruit → image of Plant parts labels; flowers → image of Plant parts labels; stolons → image of Plant parts labels; mother tuber → image of Plant parts labels; roots → image of Plant parts labels; tuber → image of Plant parts labels"
"3575.png","A diagram showing the stages of seed germination and plant growth","foliage leaves ; cotyledons; hypocotyl; radicle ; primary root ; elizabeth morales ; image of Seed germination stages","foliage leaves  → image of Seed germination stages; foliage leaves  → image of Seed germination stages; cotyledons → image of Seed germination stages; hypocotyl → image of Seed germination stages; hypocotyl → image of Seed germination stages; radicle  → image of Seed germination stages; primary root  → image of Seed germination stages; elizabeth morales  → I0"
"3576.png","A diagram showing parts of a Dryopteris plant.The title is: figure 8.2 dryopteris.  details of a frond..","petiole; ramenta; indusium (surface view); pinnule enlarged to show position of sori; sori; rachis; figure 8.2 dryopteris.  details of a frond.; adventitious roots; rhizome (fronds); bipinnate leaves; pinnule; sori; fertile pinnae (sporophylls); indusium (lateral view); image of Plant; image of Fertile pinnule; image of Indusium; image of Pinnule","petiole → image of Plant; ramenta → image of Plant; indusium (surface view) → image of Indusium; pinnule enlarged to show position of sori → image of Plant; sori → image of Plant; rachis → image of Plant; adventitious roots → image of Plant; rhizome (fronds) → image of Plant; bipinnate leaves → image of Plant; pinnule → image of Pinnule; sori → image of Pinnule; fertile pinnae (sporophylls) → image of Plant; indusium (lateral view) → image of Fertile pinnule"
"3577.png","A diagram showing the anatomy of a flowering plant (Angiosperm).The image has a title: flowering plant (angiosperm) anatomy.","flower; stem; root; find us on facebook; flowering plant (angiosperm) anatomy; leaf; fruit; image of Plant","flower → image of Plant; stem → image of Plant; root → image of Plant; find us on facebook → I0; leaf → image of Plant; fruit → image of Plant"
"3578.png","A diagram showing the anatomy of a potato plant. the potato plant is the title.","international potato center (cip); the potato plant; tubers; roots; stolons; inflorescence; flower; fruit; compound leaf; leaflets; main stems; lateral stem; mother tuber; image of Plant","international potato center (cip) → I0; tubers → image of Plant; roots → image of Plant; stolons → image of Plant; inflorescence → image of Plant; inflorescence → image of Plant; flower → image of Plant; fruit → image of Plant; compound leaf → image of Plant; compound leaf → image of Plant; leaflets → image of Plant; main stems → image of Plant; main stems → image of Plant; lateral stem → image of Plant; mother tuber → image of Plant"
"3579.png","A diagram showing the parts of a plant. The title is: the parts of a plant.","richmond; the parts of a plant; flower; fruit; leaves; stem; leaf; roots; santillana; image of Flower","richmond → I0; flower → image of Flower; fruit → image of Flower; leaves → image of Flower; leaves → image of Flower; leaves → image of Flower; stem → image of Flower; leaf → image of Flower; roots → image of Flower; roots → image of Flower; santillana → I0"
"3580.png","A diagram showing the parts of a plant","leaf; flower; stem; roots; image of Plant","leaf → image of Plant; flower → image of Plant; stem → image of Plant; roots → image of Plant"
"3581.png","A diagram showing the life cycle stages of plants. The image has a title: all living things... plants.","all living things... plants; are born; grow; reproduce; die; image of Seedlings; image of Mature plant; image of Propagation","are born → image of Seedlings; grow → image of Seedlings; reproduce → image of Propagation; die → image of Mature plant"
"3582.png","A diagram showing various plant parts and types of plants. Titled as plants.","variegated leaves; dandelion clock; roots; plant; cactus; roots; bamboo; fern; lichen; moss; ivy; dandelion; plants; thistle; nettle; bulrush; reed; flower; bud; stalk; stem; thorn; shoot; bulb; image of Flower; image of Cactus; image of Bulrush; image of Reed; image of Bamboo; image of Fern; image of Lichen; image of Dandelion; image of Thistle; image of Ivy; image of Moss; image of Nettle","dandelion clock → image of Dandelion; roots → image of Flower; plant → image of Flower; cactus → image of Cactus; roots → image of Flower; bamboo → image of Bamboo; fern → image of Fern; lichen → image of Lichen; moss → image of Ivy; ivy → image of Moss; dandelion → image of Dandelion; thistle → image of Thistle; nettle → image of Nettle; bulrush → image of Bulrush; reed → image of Reed; flower → image of Flower; bud → image of Flower; stalk → image of Flower; stem → image of Flower; thorn → image of Flower; shoot → image of Flower; bulb → image of Flower"
"3583.png","A diagram showing the structure of a chloroplast","outer membrane; stroma; granum; inner membrane; thylakoid; image of Chloroplast","outer membrane → image of Chloroplast; stroma → image of Chloroplast; granum → image of Chloroplast; inner membrane → image of Chloroplast; thylakoid → image of Chloroplast"
"3584.png","A diagram showing the human respiratory system",".pharynx; .larynx; nasal passages; tongue; trachea.; bronchus; lung; diaphragm; image of Nasal passages",".pharynx → image of Nasal passages; .larynx → image of Nasal passages; nasal passages → image of Nasal passages; tongue → image of Nasal passages; trachea. → image of Nasal passages; bronchus → image of Nasal passages; lung → image of Nasal passages; diaphragm → image of Nasal passages"
"3585.png","A diagram showing the human respiratory system","nostril; paranasal sinuses; _ diaphragm; -left lung; alveoli; -bronchi; left main (primary) bronchus; pharynx; _ oral cavity; nasal cavity plus; larynx; carina of strachea; trachea; right main bronchus -; left lung; parietal pleura; ribs; image of Head","nostril → image of Head; paranasal sinuses → image of Head; _ diaphragm → image of Head; -left lung → image of Head; alveoli → image of Head; -bronchi → image of Head; left main (primary) bronchus → image of Head; pharynx → image of Head; _ oral cavity → image of Head; nasal cavity plus → image of Head; larynx → image of Head; carina of strachea → image of Head; trachea → image of Head; right main bronchus - → image of Head; left lung → image of Head; parietal pleura → image of Head; ribs → image of Head"
"3586.png","A diagram showing the human respiratory system","copyright@2009 pearson education, inc., publishing as pearson benjamin cummings; nasal cavity; base of left lung; diaphragm; nostril; oral cavity; pharynx; trachea; larynx; right main (primary); right lung; left main (primary); image of Head","copyright@2009 pearson education, inc., publishing as pearson benjamin cummings → I0; nasal cavity → image of Head; base of left lung → image of Head; diaphragm → image of Head; nostril → image of Head; oral cavity → image of Head; pharynx → image of Head; trachea → image of Head; larynx → image of Head; right main (primary) → image of Head; right lung → image of Head; left main (primary) → image of Head"
"3587.png","A diagram showing the human respiratory and circulatory systems interaction in the lung area","bronchus; pulmonary venule; bronchiole; alveoli; smallest blood vessels (capillaries); pulmonary arteriole; deoxygenated blood from heart; oxygenated blood to heart; image of Lung","bronchus → image of Lung; pulmonary venule → image of Lung; bronchiole → image of Lung; alveoli → image of Lung; alveoli → image of Lung; smallest blood vessels (capillaries) → image of Lung; smallest blood vessels (capillaries) → image of Lung; smallest blood vessels (capillaries) → image of Lung; pulmonary arteriole → image of Lung; deoxygenated blood from heart → image of Lung; oxygenated blood to heart → image of Lung"
"3588.png","A diagram showing the human respiratory system. Titled as respiratory system.","the doereport www. doereport.com; this document created expressly for the carey/casey v. fort wayne smelting & surplus case.; lung; (c) 1997 - 2010 medical legal art. all right s reserved.; respiratory system; sinuses; throat; larynx; trachea; bronchial tube; bronchioles; image of Sinuses","the doereport www. doereport.com → I0; this document created expressly for the carey/casey v. fort wayne smelting & surplus case. → I0; lung → image of Sinuses; (c) 1997 - 2010 medical legal art. all right s reserved. → I0; sinuses → image of Sinuses; sinuses → image of Sinuses; throat → image of Sinuses; larynx → image of Sinuses; trachea → image of Sinuses; bronchial tube → image of Sinuses; bronchioles → image of Sinuses; bronchioles → image of Sinuses"
"3589.png","A diagram showing the male reproductive system and related anatomical structures.","seminal vesicle; vas deferens; (urinary bladder); (pubic bone); erectile tissue of; urethra; glans penis; prepuce; (rectum); prostate gland; ejaculatory duct; bulbourethral gland; vas deferens; epididymis; scrotum; testis; image of Anatomy","seminal vesicle → image of Anatomy; vas deferens → image of Anatomy; (urinary bladder) → image of Anatomy; (pubic bone) → image of Anatomy; erectile tissue of → image of Anatomy; urethra → image of Anatomy; glans penis → image of Anatomy; prepuce → image of Anatomy; (rectum) → image of Anatomy; prostate gland → image of Anatomy; ejaculatory duct → image of Anatomy; bulbourethral gland → image of Anatomy; vas deferens → image of Anatomy; epididymis → image of Anatomy; scrotum → image of Anatomy; testis → image of Anatomy"
"3590.png","A diagram showing the human respiratory system and surrounding structures.","larynx; clavicle; diaphragm; right bronchus; right lung; pharynx; trachea; left bronchus; left lung; heart; pleura; image of Respiratory system","larynx → image of Respiratory system; clavicle → image of Respiratory system; diaphragm → image of Respiratory system; right bronchus → image of Respiratory system; right lung → image of Respiratory system; pharynx → image of Respiratory system; trachea → image of Respiratory system; left bronchus → image of Respiratory system; left lung → image of Respiratory system; heart → image of Respiratory system; pleura → image of Respiratory system"
"3591.png","A diagram showing the human respiratory system. Titled as the human respiratory system.","larynx ('voice box'); trachea (' windpipe'); lungs; diaphragm - separates chest from abdomen; the human respiratory system; nasal cavity; pharynx; image of Nasal cavity","larynx ('voice box') → image of Nasal cavity; trachea (' windpipe') → image of Nasal cavity; lungs → image of Nasal cavity; diaphragm - separates chest from abdomen → image of Nasal cavity; nasal cavity → image of Nasal cavity; pharynx → image of Nasal cavity"
"3592.png","A diagram showing the anatomy of the human sinus and respiratory system.","sphenoidal sinus; frontal sinus; nasal cavity; pharynx; upper respiratory; image of Sinuses","sphenoidal sinus → image of Sinuses; frontal sinus → image of Sinuses; nasal cavity → image of Sinuses; pharynx → image of Sinuses"
"3593.png","A diagram showing the human respiratory system","nose; trachea; mouth; larynx; diaphragm; lungs; epiglottis; pharynx; image of Respiratory system","nose → image of Respiratory system; trachea → image of Respiratory system; mouth → image of Respiratory system; larynx → image of Respiratory system; diaphragm → image of Respiratory system; lungs → image of Respiratory system; epiglottis → image of Respiratory system; pharynx → image of Respiratory system"
"3594.png","A diagram showing the human respiratory system","nasal cavity; nostril; left lung; epiglottis; larynx; pharynx; trachea; primary bronchus; pleural cavity; right lung; diaphragm; image of Respiratory system","nasal cavity → image of Respiratory system; nostril → image of Respiratory system; left lung → image of Respiratory system; epiglottis → image of Respiratory system; larynx → image of Respiratory system; pharynx → image of Respiratory system; trachea → image of Respiratory system; primary bronchus → image of Respiratory system; pleural cavity → image of Respiratory system; right lung → image of Respiratory system; diaphragm → image of Respiratory system"
"3595.png","A diagram showing the human respiratory system","nose; mouth; bronchus; bronchioles; alveoli; diaphragm; trachea; intercostal-muscle; pleural-membranes; rib; @ abpi 2013; nasal passages; larynx; epiglottis; image of Respiratory system","nose → image of Respiratory system; mouth → image of Respiratory system; bronchus → image of Respiratory system; bronchioles → image of Respiratory system; alveoli → image of Respiratory system; diaphragm → image of Respiratory system; trachea → image of Respiratory system; intercostal-muscle → image of Respiratory system; pleural-membranes → image of Respiratory system; rib → image of Respiratory system; @ abpi 2013 → I0; nasal passages → image of Respiratory system; larynx → image of Respiratory system; epiglottis → image of Respiratory system"
"3596.png","A diagram showing the human respiratory system, including the nasal cavity, pharynx, larynx, trachea, bronchi, and lungs with their respective lobes.","paranasal sinuses; nasopharynx; larynx; trachea; primary bronchi; superior lobe; middle lobe; inferior lobe; right lung; pharynx; oropharynx; laryngopharynx; superior lobe; left lung; inferior lobe; nasal cavity; vestibule of nose; image of Respiratory system","paranasal sinuses → image of Respiratory system; nasopharynx → image of Respiratory system; larynx → image of Respiratory system; trachea → image of Respiratory system; primary bronchi → image of Respiratory system; superior lobe → image of Respiratory system; middle lobe → image of Respiratory system; inferior lobe → image of Respiratory system; right lung → image of Respiratory system; pharynx → image of Respiratory system; oropharynx → image of Respiratory system; laryngopharynx → image of Respiratory system; superior lobe → image of Respiratory system; left lung → image of Respiratory system; inferior lobe → image of Respiratory system; nasal cavity → image of Respiratory system; vestibule of nose → image of Respiratory system"
"3597.png","A diagram showing the human respiratory system with labeled parts.","frontal sinus; nose; left lung; right lung; ribs; pharynx; nasal cavity; internal nares; upper respiratory system; sphenoidal sinus; lower respiratory system; esophagus; tongue; clavicle; nasal conchae; - larynx; hyoid bone; bronchioles; bronchus; trachea; diaphragm; image of Upper respiratory system","frontal sinus → image of Upper respiratory system; nose → image of Upper respiratory system; left lung → image of Upper respiratory system; right lung → image of Upper respiratory system; ribs → image of Upper respiratory system; ribs → image of Upper respiratory system; pharynx → image of Upper respiratory system; nasal cavity → image of Upper respiratory system; internal nares → image of Upper respiratory system; upper respiratory system → image of Upper respiratory system; sphenoidal sinus → image of Upper respiratory system; lower respiratory system → image of Upper respiratory system; esophagus → image of Upper respiratory system; tongue → image of Upper respiratory system; clavicle → image of Upper respiratory system; nasal conchae → image of Upper respiratory system; nasal conchae → image of Upper respiratory system; nasal conchae → image of Upper respiratory system; - larynx → image of Upper respiratory system; hyoid bone → image of Upper respiratory system; bronchioles → image of Upper respiratory system; bronchioles → image of Upper respiratory system; bronchus → image of Upper respiratory system; trachea → image of Upper respiratory system; diaphragm → image of Upper respiratory system"
"3598.png","A diagram showing the human respiratory system","nostrils; bronchus; diaphragm; trachea; pharynx; epiglottis; larynx; right lung; -bronchiole; intercostal muscles; left lung; image of Respiratory system","nostrils → image of Respiratory system; bronchus → image of Respiratory system; diaphragm → image of Respiratory system; trachea → image of Respiratory system; pharynx → image of Respiratory system; epiglottis → image of Respiratory system; larynx → image of Respiratory system; right lung → image of Respiratory system; -bronchiole → image of Respiratory system; intercostal muscles → image of Respiratory system; left lung → image of Respiratory system"
"3599.png","A diagram showing the human respiratory system","nasal cavity; throat (pharynx); mouth; nose; windpipe (trachea); left lung; ribs; http://www.bbc.co.uk; diaphragm; alveolus; bronchiole; bronchus; image of Nasal Cavity","nasal cavity → image of Nasal Cavity; throat (pharynx) → image of Nasal Cavity; mouth → image of Nasal Cavity; nose → image of Nasal Cavity; windpipe (trachea) → image of Nasal Cavity; left lung → image of Nasal Cavity; ribs → image of Nasal Cavity; http://www.bbc.co.uk → I0; diaphragm → image of Nasal Cavity; alveolus → image of Nasal Cavity; bronchiole → image of Nasal Cavity; bronchus → image of Nasal Cavity"
"3600.png","A diagram showing the human respiratory system,","nasal cavity; nose; diaphragm; mouth; bronchiole; bronchus; alveolus; throat (pharynx); left lung; ribs; windpipe (trachea); image of Alveolus","nasal cavity → image of Alveolus; nose → image of Alveolus; diaphragm → image of Alveolus; mouth → image of Alveolus; bronchiole → image of Alveolus; bronchus → image of Alveolus; alveolus → image of Alveolus; throat (pharynx) → image of Alveolus; left lung → image of Alveolus; ribs → image of Alveolus; windpipe (trachea) → image of Alveolus"
"3601.png","A diagram showing the human respiratory system.","nasal cavity; oral cavity; diaphragm; nostril; larynx; right main bronchus; right lung; pharynx; trachea; left main bronchus; left lung; image of Respiratory system","nasal cavity → image of Respiratory system; oral cavity → image of Respiratory system; diaphragm → image of Respiratory system; nostril → image of Respiratory system; larynx → image of Respiratory system; right main bronchus → image of Respiratory system; right lung → image of Respiratory system; pharynx → image of Respiratory system; trachea → image of Respiratory system; left main bronchus → image of Respiratory system; left lung → image of Respiratory system"
"3602.png","A diagram showing the respiratory system","trachea; right lung; nose; mouth; left lung; image of Respiratory system","trachea → image of Respiratory system; right lung → image of Respiratory system; nose → image of Respiratory system; mouth → image of Respiratory system; left lung → image of Respiratory system"
"3603.png","A diagram showing the human respiratory system with airflow direction","pharynx; trachea; nostril; oxygen; co2; left main bronchus; left lung; diaphragm; right main bronchus; right lung; larynx; oral cavity; nasal cavity; image of Airflow","pharynx → image of Airflow; trachea → image of Airflow; nostril → image of Airflow; oxygen → I0; co2 → I0; left main bronchus → image of Airflow; left lung → image of Airflow; diaphragm → image of Airflow; right main bronchus → image of Airflow; right lung → image of Airflow; larynx → image of Airflow; oral cavity → image of Airflow; nasal cavity → image of Airflow"
"3604.png","A diagram showing the human digestive and respiratory systems. Titled as digestive and respiratory systems.","right lung; trachea; left lung; liver; colon; stomach; intestine (not shown); digestive and respiratory systems; image of Trachea","right lung → image of Trachea; trachea → image of Trachea; left lung → image of Trachea; liver → image of Trachea; colon → image of Trachea; colon → image of Trachea; stomach → image of Trachea; intestine (not shown) → image of Trachea; intestine (not shown) → image of Trachea"
"3605.png","A diagram showing the anatomy of the human nasal cavity and throat area","frontal sinus; nasal meatuses (superior, middle, and inferior); hyoid bone; epiglottis; vestibular fold; thyroid cartilage; larynx; vocal fold; cricoid cartilage; thyroid gland; (c) illustration; trachea; nasal conchae (superior, middle and inferior); esophagus; oropharynx; isthmus of the fauces; palatine tonsil; posterior nasal aperture; cribriform plate of ethmoid bone; sphenoid sinus; opening of pharyngotympanic tube; pharyngeal tonsil; nasopharynx; nasal vestibule; uvula; laryngopharynx; nasal cavity; hard palate; nostril; soft palate; tongue; lingual tonsil; image of Cribiform plate of ethmoid bone","frontal sinus → image of Cribiform plate of ethmoid bone; nasal meatuses (superior, middle, and inferior) → image of Cribiform plate of ethmoid bone; hyoid bone → image of Cribiform plate of ethmoid bone; epiglottis → image of Cribiform plate of ethmoid bone; vestibular fold → image of Cribiform plate of ethmoid bone; thyroid cartilage → image of Cribiform plate of ethmoid bone; larynx → image of Cribiform plate of ethmoid bone; vocal fold → image of Cribiform plate of ethmoid bone; cricoid cartilage → image of Cribiform plate of ethmoid bone; thyroid gland → image of Cribiform plate of ethmoid bone; (c) illustration → I0; trachea → image of Cribiform plate of ethmoid bone; nasal conchae (superior, middle and inferior) → image of Cribiform plate of ethmoid bone; esophagus → image of Cribiform plate of ethmoid bone; oropharynx → image of Cribiform plate of ethmoid bone; isthmus of the fauces → image of Cribiform plate of ethmoid bone; palatine tonsil → image of Cribiform plate of ethmoid bone; posterior nasal aperture → image of Cribiform plate of ethmoid bone; cribriform plate of ethmoid bone → image of Cribiform plate of ethmoid bone; sphenoid sinus → image of Cribiform plate of ethmoid bone; opening of pharyngotympanic tube → image of Cribiform plate of ethmoid bone; pharyngeal tonsil → image of Cribiform plate of ethmoid bone; nasopharynx → image of Cribiform plate of ethmoid bone; nasal vestibule → image of Cribiform plate of ethmoid bone; uvula → image of Cribiform plate of ethmoid bone; laryngopharynx → image of Cribiform plate of ethmoid bone; nasal cavity → image of Cribiform plate of ethmoid bone; hard palate → image of Cribiform plate of ethmoid bone; nostril → image of Cribiform plate of ethmoid bone; soft palate → image of Cribiform plate of ethmoid bone; tongue → image of Cribiform plate of ethmoid bone; lingual tonsil → image of Cribiform plate of ethmoid bone"
"3606.png","A diagram showing the human respiratory system. Titled as respiratory system.","respiratory system; nose hairs; diaphragm .; respiratory center; paranasal sinuses; pharnyx; esophagus; left lung; pulmonary vessels; ribs; muscles attached to diaphragm; intercostal muscles; nasal cavity; epiglottis; right lung; trachea; larynx; bronchi; heart; pleural - membrane; image of Nasal cavity","nose hairs → image of Nasal cavity; diaphragm . → image of Nasal cavity; respiratory center → image of Nasal cavity; paranasal sinuses → image of Nasal cavity; paranasal sinuses → image of Nasal cavity; pharnyx → image of Nasal cavity; esophagus → image of Nasal cavity; left lung → image of Nasal cavity; pulmonary vessels → image of Nasal cavity; ribs → image of Nasal cavity; muscles attached to diaphragm → image of Nasal cavity; intercostal muscles → image of Nasal cavity; nasal cavity → image of Nasal cavity; epiglottis → image of Nasal cavity; right lung → image of Nasal cavity; trachea → image of Nasal cavity; larynx → image of Nasal cavity; bronchi → image of Nasal cavity; heart → image of Nasal cavity; pleural - membrane → image of Nasal cavity"
"3607.png","A diagram showing the human respiratory system","buzzle.com; nasal cavity; pharynx; bronchioles; larynx; alveoli; diaphragm; bronchi; lungs; trachea; image of Nasal cavity","buzzle.com → I0; nasal cavity → image of Nasal cavity; pharynx → image of Nasal cavity; bronchioles → image of Nasal cavity; larynx → image of Nasal cavity; alveoli → image of Nasal cavity; diaphragm → image of Nasal cavity; bronchi → image of Nasal cavity; lungs → image of Nasal cavity; trachea → image of Nasal cavity"
"3608.png","A diagram showing the human respiratory system","nasal cavity; nostril; left lung; diaphragm; oral cavity; larynx; right main (primary) bronchus; right lung; pharynx; trachea; carina of trachea; left main (primary) bronchus; image of Nasal cavity","nasal cavity → image of Nasal cavity; nostril → image of Nasal cavity; left lung → image of Nasal cavity; diaphragm → image of Nasal cavity; oral cavity → image of Nasal cavity; larynx → image of Nasal cavity; right main (primary) bronchus → image of Nasal cavity; right lung → image of Nasal cavity; pharynx → image of Nasal cavity; trachea → image of Nasal cavity; carina of trachea → image of Nasal cavity; left main (primary) bronchus → image of Nasal cavity"
"3609.png","A diagram showing the Human Respiratory System. The title is: the human respiratory system.","copyright pearson prentice hall; larynx; the human respiratory system; diaphragm; lungs; pharynx; trache; bronchus; bronchioles; epiglottis; mouth; nose; image of Nose","copyright pearson prentice hall → I0; larynx → image of Nose; diaphragm → image of Nose; lungs → image of Nose; pharynx → image of Nose; trache → image of Nose; bronchus → image of Nose; bronchioles → image of Nose; bronchioles → image of Nose; epiglottis → image of Nose; mouth → image of Nose; nose → image of Nose"
"3610.png","A diagram showing the human respiratory system","diaphragm; 4; bronchi; lungs; pleura; lower - respiratory tract; copyright @ the mcgrww-hill companies, inc. permission required for reproduction or display; frontal sinus; sphenoidal sinus; nasal cavity; pharynx; upper - respiratory tract; larynx; trachea; image of Anatomy labels","diaphragm → image of Anatomy labels; 4 → I0; bronchi → image of Anatomy labels; lungs → image of Anatomy labels; pleura → image of Anatomy labels; lower - respiratory tract → image of Anatomy labels; copyright @ the mcgrww-hill companies, inc. permission required for reproduction or display → I0; frontal sinus → image of Anatomy labels; sphenoidal sinus → image of Anatomy labels; nasal cavity → image of Anatomy labels; pharynx → image of Anatomy labels; upper - respiratory tract → image of Anatomy labels; larynx → image of Anatomy labels; trachea → image of Anatomy labels"
"3611.png","A diagram showing the human respiratory system with a partial view of the lungs and associated structures.","trachea; ribs; lung; diaphragm-; bronchus; bronchioles; lung (inside view); rib (cut away); 2013 encyclopedia britannica, inc.; image of Respiratory system","trachea → image of Respiratory system; ribs → image of Respiratory system; ribs → image of Respiratory system; lung → image of Respiratory system; diaphragm- → image of Respiratory system; bronchus → image of Respiratory system; bronchioles → image of Respiratory system; bronchioles → image of Respiratory system; lung (inside view) → image of Respiratory system; rib (cut away) → image of Respiratory system; 2013 encyclopedia britannica, inc. → I0"
"3612.png","A diagram showing the human respiratory system and a close-up view of the alveoli structure.","sinuses; pharynx; trachea; larynx; bronchiole; alveoli; lung; bronchial - tube; image of Respiratory system; image of Alveoli","sinuses → image of Respiratory system; pharynx → image of Respiratory system; trachea → image of Respiratory system; larynx → image of Respiratory system; bronchiole → image of Alveoli; alveoli → image of Alveoli; lung → image of Respiratory system; bronchial - tube → image of Respiratory system"
"3613.png","A diagram showing the Human Respiratory System. The image has a title: human respiratory system.","human respiratory system; bronchus; pulmonary venule ; pulmonary arteriole; alveoli; diaphragm; lower lobe; heart; upper lobe; trachea (windpipe)-; image of Trachea","bronchus → image of Trachea; pulmonary venule  → image of Trachea; pulmonary arteriole → image of Trachea; alveoli → image of Trachea; diaphragm → image of Trachea; lower lobe → image of Trachea; heart → image of Trachea; upper lobe → image of Trachea; trachea (windpipe)- → image of Trachea"
"3614.png","A diagram showing the human respiratory system. Its title is: (a) the respiratory system.","larynx; tongue; diaphragm; left bronchus; left lung; nasal cavity; (a) the respiratory system; pharynx; vocal cords; esophagus; trachea; right lung; right bronchus; image of Anatomy labels","larynx → image of Anatomy labels; tongue → image of Anatomy labels; diaphragm → image of Anatomy labels; left bronchus → image of Anatomy labels; left lung → image of Anatomy labels; nasal cavity → image of Anatomy labels; pharynx → image of Anatomy labels; vocal cords → image of Anatomy labels; esophagus → image of Anatomy labels; trachea → image of Anatomy labels; right lung → image of Anatomy labels; right bronchus → image of Anatomy labels"
"3615.png","A diagram showing the human respiratory system","bronchus; trachea; lungs; bronchioles; alveoli; image of Lungs; image of Alveoli","bronchus → image of Lungs; trachea → image of Lungs; lungs → image of Lungs; bronchioles → image of Alveoli; alveoli → image of Alveoli"
"3616.png","A diagram showing the cross-section of human respiratory system","windpipe; pleura on chest wall; ribs & chest wall; pleural space; bronchus; pleura on lung; lungs; alveoli (air sacs); diaphragm; image of Windpipe","windpipe → image of Windpipe; pleura on chest wall → image of Windpipe; ribs & chest wall → image of Windpipe; pleural space → image of Windpipe; bronchus → image of Windpipe; pleura on lung → image of Windpipe; lungs → image of Windpipe; lungs → image of Windpipe; alveoli (air sacs) → image of Windpipe; diaphragm → image of Windpipe"
"3617.png","A diagram showing the respiratory system within the human body","bronchiole; trachea; pleura; alveoli; bronchi; lobes; lungs; image of Lungs","bronchiole → image of Lungs; trachea → image of Lungs; pleura → image of Lungs; alveoli → image of Lungs; bronchi → image of Lungs; lobes → image of Lungs; lungs → image of Lungs"
"3618.png","A diagram showing the human respiratory system","bronchioles; air sacs(alveoli); diaphragm; lung; airways(bronchi); windpipe(trachea); image of Lungs","bronchioles → image of Lungs; air sacs(alveoli) → image of Lungs; diaphragm → image of Lungs; lung → image of Lungs; airways(bronchi) → image of Lungs; windpipe(trachea) → image of Lungs"
"3619.png","A diagram showing the structure of the alveolar wall in the lung","alveolar type ii cell; lamellar body; tubular myelin; alveolar fluid; alveolar macrophage; alveolar type i cell; surfactant layer; air space; image of Organelle","alveolar type ii cell → image of Organelle; lamellar body → image of Organelle; tubular myelin → image of Organelle; tubular myelin → image of Organelle; alveolar fluid → image of Organelle; alveolar macrophage → image of Organelle; alveolar type i cell → image of Organelle; surfactant layer → image of Organelle; air space → I0"
"3620.png","A diagram showing the human circulatory system with the heart, lungs, and associated blood vessels.","capillaries; pulmonary circuit; aorta to systemic arteries; systemic veins; left ventricle; left atrium; systemic circuit; lung; copyright the mcgraw-hill companies,inc. permission required for reproduction or display.; right atrium; pulmonary veins; pulmonary arteries; right ventricle; vessels transporting deoxygenated blood; vessels transporting oxygenated blood; vessels involved in gas exchange; capillaries; image of Circulatory system","capillaries → image of Circulatory system; pulmonary circuit → image of Circulatory system; aorta to systemic arteries → image of Circulatory system; systemic veins → image of Circulatory system; left ventricle → image of Circulatory system; left atrium → image of Circulatory system; systemic circuit → image of Circulatory system; lung → image of Circulatory system; copyright the mcgraw-hill companies,inc. permission required for reproduction or display. → I0; right atrium → image of Circulatory system; pulmonary veins → image of Circulatory system; pulmonary arteries → image of Circulatory system; right ventricle → image of Circulatory system; vessels transporting deoxygenated blood → I0; vessels transporting oxygenated blood → I0; vessels involved in gas exchange → I0; capillaries → image of Circulatory system"
"3621.png","A diagram showing the human circulatory system with labeled organs","liver; intestines; legs and lower body; kidneys; head and upper body; lungs; heart; image of Torso","liver → image of Torso; intestines → image of Torso; kidneys → image of Torso; lungs → image of Torso; heart → image of Torso"
"3622.png","A diagram showing the human circulatory system with a focus on the heart and lung circulation.","capillaries; lung; right ventricle; pulmonary circuit; vessels transporting oxygenated blood; vessels transporting deoxygenated blood; vessels involved in gas exchange; capillaries; systemic circuit; left atrium; left ventricle; aorta to systemic atreries; systemic veins; pulmonary veins; pulmonary arteries; right atrium; image of Heart","capillaries → image of Heart; lung → image of Heart; right ventricle → image of Heart; pulmonary circuit → image of Heart; vessels transporting oxygenated blood → I0; vessels transporting deoxygenated blood → I0; vessels involved in gas exchange → I0; capillaries → image of Heart; systemic circuit → image of Heart; left atrium → image of Heart; left ventricle → image of Heart; aorta to systemic atreries → image of Heart; systemic veins → image of Heart; pulmonary veins → image of Heart; pulmonary arteries → image of Heart; pulmonary arteries → image of Heart; pulmonary arteries → image of Heart; right atrium → image of Heart"
"3623.png","A diagram showing the human circulatory system with labeled parts.","co2; o2; systemic capillaries; o2; co2; capillaries; inferior vena cava; right atrium; right ventricle; pulmonary capillaries; superior vena cava; lung; systemic capillaries; left atrium; pulmonary artery; co2; pulmonary vein; o2; aorta; left ventricle; tissue cells; image of Circulatory system","systemic capillaries → image of Circulatory system; capillaries → image of Circulatory system; inferior vena cava → image of Circulatory system; right atrium → image of Circulatory system; right ventricle → image of Circulatory system; pulmonary capillaries → image of Circulatory system; superior vena cava → image of Circulatory system; lung → image of Circulatory system; systemic capillaries → image of Circulatory system; pulmonary artery → image of Circulatory system; pulmonary vein → image of Circulatory system; aorta → image of Circulatory system; left ventricle → image of Circulatory system; tissue cells → image of Circulatory system"
"3624.png","A diagram showing the human circulatory system with labeled parts.","capillaries of head and forelimbs; pulmonary artery; aorta; capillaries of abdominal organs and hind limbs; 3; 7; 6; 4; 2; 9; 11; 1; aorta; 5; 3; 10; right atrium; pulmonary vein; posterior - vena cava; right ventricle; 8; anterior vena cava; pulmonary artery; capillaries of right lung; capillaries of left lung; pulmonary vein; left atrium; left ventricle; image of Anterior vena cava","capillaries of head and forelimbs → image of Anterior vena cava; pulmonary artery → image of Anterior vena cava; aorta → image of Anterior vena cava; capillaries of abdominal organs and hind limbs → image of Anterior vena cava; 3 → I0; 7 → I0; 6 → image of Anterior vena cava; 4 → image of Anterior vena cava; 2 → image of Anterior vena cava; 9 → I0; 11 → image of Anterior vena cava; 11 → image of Anterior vena cava; 1 → image of Anterior vena cava; aorta → image of Anterior vena cava; 5 → image of Anterior vena cava; 3 → I0; 10 → image of Anterior vena cava; right atrium → image of Anterior vena cava; pulmonary vein → image of Anterior vena cava; posterior - vena cava → image of Anterior vena cava; right ventricle → image of Anterior vena cava; 8 → I0; anterior vena cava → image of Anterior vena cava; pulmonary artery → image of Anterior vena cava; capillaries of right lung → image of Anterior vena cava; capillaries of left lung → image of Anterior vena cava; pulmonary vein → image of Anterior vena cava; left atrium → image of Anterior vena cava; left ventricle → image of Anterior vena cava"
"3625.png","A diagram showing the human circulatory system with labeled parts","aorta; head & arms; kidneys; digestive tract; carotid artery; lungs; jugular vein; superior vena cava; lungs; inferior vena cava; liver; trunk & legs; image of Heart","aorta → image of Heart; head & arms → image of Heart; kidneys → image of Heart; digestive tract → image of Heart; carotid artery → image of Heart; lungs → image of Heart; jugular vein → image of Heart; superior vena cava → image of Heart; lungs → image of Heart; inferior vena cava → image of Heart; liver → image of Heart; trunk & legs → image of Heart"
"3626.png","A diagram showing the pulmonary and systemic circulatory systems. Its title is: schematic representation of pulmonary and systemic circulatory systems.","schematic representation of pulmonary and systemic circulatory systems; right lung; hepatic vein; portal vein; liver; right'heart; pulmonary veins; inferior vena cava; superior vena cava-; left lung; pulmonary artery; left heart; aorta; kidneys; extremities, abdomnial and pelvic organs, skeletal muscles, bones; digestive organs (intestines, stomach:; image of Circulatory System","right lung → image of Circulatory System; hepatic vein → image of Circulatory System; portal vein → image of Circulatory System; liver → image of Circulatory System; right'heart → image of Circulatory System; pulmonary veins → image of Circulatory System; pulmonary veins → image of Circulatory System; inferior vena cava → image of Circulatory System; superior vena cava- → image of Circulatory System; left lung → image of Circulatory System; pulmonary artery → image of Circulatory System; left heart → image of Circulatory System; aorta → image of Circulatory System; kidneys → image of Circulatory System; extremities, abdomnial and pelvic organs, skeletal muscles, bones → I0; digestive organs (intestines, stomach: → image of Circulatory System"
"3627.png","A diagram showing the human circulatory system with labeled parts.","right lung; inferior vena cava; aorta; head; pulmonary artery; superior vena cava; pulmonary vein; liver and intestine; kidneys; lower body; lower systemic circulation; left lung; abdominal aorta; pulmonary circulation\; upper systemic circulation; image of Head","inferior vena cava → image of Head; aorta → image of Head; head → image of Head; pulmonary artery → image of Head; superior vena cava → image of Head; pulmonary vein → image of Head; liver and intestine → image of Head; kidneys → image of Head; lower body → image of Head; lower systemic circulation → image of Head; abdominal aorta → image of Head; pulmonary circulation\ → image of Head; upper systemic circulation → image of Head"
"3628.png","A diagram showing the circulation of blood through the heart, lungs, and body, indicating the oxygenation process.","deoxygenated blood is carried to the lungs; oxygen diffuses into the blood; alveolus int he lung; oxygenated blood is carried to all the cells in the body from the left side of the heart.; oxygen diffuses from the blood to the body cells; left side of heart; right side of heart; deoxygenated blood is returned to the right side of the heart; image of Lungs","deoxygenated blood is carried to the lungs → image of Lungs; oxygen diffuses into the blood → image of Lungs; alveolus int he lung → image of Lungs; oxygenated blood is carried to all the cells in the body from the left side of the heart. → image of Lungs; oxygen diffuses from the blood to the body cells → image of Lungs; left side of heart → image of Lungs; right side of heart → image of Lungs; deoxygenated blood is returned to the right side of the heart → image of Lungs"
"3629.png","A diagram showing the human circulatory system with labeled veins and arteries.","iliac artery; femoral vein; subclavian vein; internal jugular vein; pulmonary artery; inferior vena cava; superior vena cava; cephalic vein; basilic vein; renalvein; iliac vein; subclavian artery; femoral artery; external carotid artery; pulmonary vein; aorta; brachial artery; renal artery; radial artery; ulnar artery; great saphenous vein; small saphenous vein; anterior tibial vein; anterior tibial artery; posterior tibial artery; external jugular vein; internal carotid artery; image of Label","iliac artery → image of Label; femoral vein → image of Label; subclavian vein → image of Label; internal jugular vein → image of Label; pulmonary artery → image of Label; inferior vena cava → image of Label; superior vena cava → image of Label; cephalic vein → image of Label; basilic vein → image of Label; renalvein → image of Label; iliac vein → image of Label; subclavian artery → image of Label; femoral artery → image of Label; external carotid artery → image of Label; pulmonary vein → image of Label; aorta → image of Label; brachial artery → image of Label; renal artery → image of Label; radial artery → image of Label; ulnar artery → image of Label; great saphenous vein → image of Label; small saphenous vein → image of Label; anterior tibial vein → image of Label; anterior tibial artery → image of Label; posterior tibial artery → image of Label; external jugular vein → image of Label; internal carotid artery → image of Label"
"3630.png","A diagram showing the circulatory system of the human body","veins (blue); heart; arteries (red); image of Heart","veins (blue) → image of Heart; heart → image of Heart; arteries (red) → image of Heart"
"3631.png","A diagram showing the human circulatory system","superior vena cava; pulmonary veins; inferior vena cava; femoral vein; aorta; pulmonary arteries; descending aorta; femoral artery; image of Heart","superior vena cava → image of Heart; pulmonary veins → image of Heart; inferior vena cava → image of Heart; femoral vein → image of Heart; aorta → image of Heart; pulmonary arteries → image of Heart; descending aorta → image of Heart; femoral artery → image of Heart"
"3632.png","A diagram showing the human respiratory system","nose; mouth; trachea; diaphragm; lungs; image of Respiratory system","nose → image of Respiratory system; mouth → image of Respiratory system; trachea → image of Respiratory system; diaphragm → image of Respiratory system; lungs → image of Respiratory system; lungs → image of Respiratory system"
"3633.png","A diagram showing the human circulatory system with labeled parts","aorta; heart; superior vena cava; inferior vena cava; left kidney; descending aorta; right kidney; a.d.a.m.; image of Label","aorta → image of Label; heart → image of Label; superior vena cava → image of Label; inferior vena cava → image of Label; left kidney → image of Label; descending aorta → image of Label; right kidney → image of Label; a.d.a.m. → I0"
"3634.png","A diagram showing the human circulatory system with labeled veins and arteries.","superior vena cava; pulmonary vein; small saphenous vein; great saphenous vein; femoral vein; iliac vein; renal vein; basilic vein; cephalic vein; inferior vena cava; pulmonary artery; aorta; brachial artery; renal artery; radial artery; ulnar artery; iliac artery; femoral artery; anterior tibial artery; image of Superior vena cava","superior vena cava → image of Superior vena cava; pulmonary vein → image of Superior vena cava; small saphenous vein → image of Superior vena cava; great saphenous vein → image of Superior vena cava; femoral vein → image of Superior vena cava; iliac vein → image of Superior vena cava; renal vein → image of Superior vena cava; basilic vein → image of Superior vena cava; cephalic vein → image of Superior vena cava; inferior vena cava → image of Superior vena cava; pulmonary artery → image of Superior vena cava; aorta → image of Superior vena cava; brachial artery → image of Superior vena cava; renal artery → image of Superior vena cava; radial artery → image of Superior vena cava; ulnar artery → image of Superior vena cava; iliac artery → image of Superior vena cava; femoral artery → image of Superior vena cava; anterior tibial artery → image of Superior vena cava"
"3635.png","A diagram showing the major blood vessels in the human body","see head diagram for more detail about the aortic arch vessels.; carotid artery; inferior vena cava; subclavian vein; jugular vein; pulmonary vein; arch of the aorta; thoracic aorta; abdominal aorta; superior vena cava; pulmonary artery; image of Blood vessel","see head diagram for more detail about the aortic arch vessels. → I0; carotid artery → image of Blood vessel; inferior vena cava → image of Blood vessel; subclavian vein → image of Blood vessel; jugular vein → image of Blood vessel; pulmonary vein → image of Blood vessel; arch of the aorta → image of Blood vessel; thoracic aorta → image of Blood vessel; abdominal aorta → image of Blood vessel; superior vena cava → image of Blood vessel; pulmonary artery → image of Blood vessel"
"3636.png","A diagram showing the human circulatory system with labeled parts.","jugular vein; subclavian vein; heart; aorta; femora vein; femoral artery; vena cava; subclavian artery; carotid artery; image of Torso","jugular vein → image of Torso; subclavian vein → image of Torso; heart → image of Torso; aorta → image of Torso; femora vein → image of Torso; femoral artery → image of Torso; vena cava → image of Torso; subclavian artery → image of Torso; carotid artery → image of Torso"
"3637.png","A diagram showing the human circulatory system. Titled as the circulatory system.","the circulatory system; humeral artery; jugular vein; carotid artery; heart; vena cava; aorta; renal vein; femoral artery; image of Title","humeral artery → image of Title; jugular vein → image of Title; carotid artery → image of Title; heart → image of Title; vena cava → image of Title; aorta → image of Title; renal vein → image of Title; femoral artery → image of Title"
"3638.png","A diagram showing the human circulatory system with labeled parts.","brachiocephalic (innominate) artery; left common carotid artery; thoracic aorta; spleen; splenic artery; gastric arteries; stomach; inferior mesenteric artery; descending colon; right subclavian artery; right subclavian vein; superior vena cava; right common carotid artery; right pulmonary artery; right pulmonary veins; right atrium; right ventricle; inferior vena cava; hepatic blood vessels; liver; renal blood vessels; kidney; superior mesenteric artery; internal jugular vein; common iliac artery; ascending colon; external iliac vein; external iliac artery; 2006 merriam-webster, inc; left subclavian artery; aorta; left pulmonary artery; left pulmonary veins; left ventricle; left atrium; image of Arteries","brachiocephalic (innominate) artery → image of Arteries; left common carotid artery → image of Arteries; thoracic aorta → image of Arteries; spleen → image of Arteries; splenic artery → image of Arteries; splenic artery → image of Arteries; gastric arteries → image of Arteries; stomach → image of Arteries; inferior mesenteric artery → image of Arteries; descending colon → image of Arteries; right subclavian artery → image of Arteries; right subclavian vein → image of Arteries; superior vena cava → image of Arteries; right common carotid artery → image of Arteries; right pulmonary artery → image of Arteries; right pulmonary veins → image of Arteries; right atrium → image of Arteries; right ventricle → image of Arteries; inferior vena cava → image of Arteries; hepatic blood vessels → image of Arteries; liver → image of Arteries; renal blood vessels → image of Arteries; kidney → image of Arteries; superior mesenteric artery → image of Arteries; internal jugular vein → image of Arteries; common iliac artery → image of Arteries; ascending colon → image of Arteries; external iliac vein → image of Arteries; external iliac artery → image of Arteries; 2006 merriam-webster, inc → I0; left subclavian artery → image of Arteries; aorta → image of Arteries; left pulmonary artery → image of Arteries; left pulmonary veins → image of Arteries; left ventricle → image of Arteries; left atrium → image of Arteries"
"3639.png","A diagram showing the human circulatory system","heart; ascending aorta; descending aorta; inferior vena cava; superior vena cava; pulmonary veins; pulmonary artery; image of Heart","heart → image of Heart; ascending aorta → image of Heart; descending aorta → image of Heart; inferior vena cava → image of Heart; superior vena cava → image of Heart; pulmonary veins → image of Heart; pulmonary artery → image of Heart"
"3640.png","A diagram showing the human heart with labeled parts","aorta (to body); pulmonary artery (to lungs); pulm onary veins (from lungs); left atrium (upper chamber); left ventricle (lower chamber); right ventricle; valve; right atrium; inferior vena cava (from legs and torso); superior vena cava (from arms and head); image of Heart","aorta (to body) → image of Heart; pulmonary artery (to lungs) → image of Heart; pulmonary artery (to lungs) → image of Heart; pulm onary veins (from lungs) → image of Heart; left atrium (upper chamber) → image of Heart; left atrium (upper chamber) → image of Heart; left ventricle (lower chamber) → image of Heart; right ventricle → image of Heart; valve → image of Heart; right atrium → image of Heart; inferior vena cava (from legs and torso) → image of Heart; superior vena cava (from arms and head) → image of Heart"
"3641.png","A diagram showing the internal structure of the heart with labeled parts.","right atrioventricular valve; right ventricle; papillary muscle; right ventricular free wall; ventricular septum; left ventricular free wall; left ventricle; chorda tendinea; left atrioventricular valve; image of Heart","right atrioventricular valve → image of Heart; right ventricle → image of Heart; papillary muscle → image of Heart; right ventricular free wall → image of Heart; ventricular septum → image of Heart; left ventricular free wall → image of Heart; left ventricle → image of Heart; chorda tendinea → image of Heart; left atrioventricular valve → image of Heart"
"3642.png","A diagram showing the human heart and its major components","ascending aorta (to head and arms) ; aorta; right ventricle; right coronary artery; right pulmonary veins (from right lung); right atrium; pulmonary artery (to right lung); superior vena cava; ligamen anteriosum; pulmonary artery (to left lung); left atrium; left pulmonary veins (from left lung); left coronary artery; left ventricle; descending aorta (to lower body); inferior vena cava; image of Heart structure","ascending aorta (to head and arms)  → image of Heart structure; aorta → image of Heart structure; right ventricle → image of Heart structure; right coronary artery → image of Heart structure; right pulmonary veins (from right lung) → image of Heart structure; right atrium → image of Heart structure; pulmonary artery (to right lung) → image of Heart structure; superior vena cava → image of Heart structure; ligamen anteriosum → image of Heart structure; pulmonary artery (to left lung) → image of Heart structure; left atrium → image of Heart structure; left pulmonary veins (from left lung) → image of Heart structure; left coronary artery → image of Heart structure; left ventricle → image of Heart structure; descending aorta (to lower body) → image of Heart structure; inferior vena cava → image of Heart structure"
"3643.png","A diagram showing the human heart with labeled parts","vena cava; aorta; right ventricle; left ventricle; cardiac muscle; pulmonary artery to lungs; pulmonary valve; pulmonary vein from lungs; right atrium; tricuspid valve; left atrium; mitral valve; aortic valve; image of Heart","aorta → image of Heart; right ventricle → image of Heart; left ventricle → image of Heart; cardiac muscle → image of Heart; pulmonary artery to lungs → image of Heart; pulmonary valve → image of Heart; pulmonary vein from lungs → image of Heart; right atrium → image of Heart; tricuspid valve → image of Heart; left atrium → image of Heart; mitral valve → image of Heart; aortic valve → image of Heart"
"3644.png","A diagram showing the anatomy of the human heart with labeled parts.The title is: the heart.","pulmonary arteries- (blood goes to the lungs.); pulmonary veins (blood comes from lungs.); left atrium; semilunar valves; the heart; superior vena cava (blood comes from the head and arms.); aortic arch (blood goes to the body.); right atrium; tricuspid valve; inferior vena cava  (blood comes from the body and legs.); heart muscle; right ventricle; septum; mitral valve; left ventricle; image of Aorta","pulmonary arteries- (blood goes to the lungs.) → image of Aorta; pulmonary veins (blood comes from lungs.) → image of Aorta; pulmonary veins (blood comes from lungs.) → image of Aorta; left atrium → image of Aorta; semilunar valves → image of Aorta; semilunar valves → image of Aorta; superior vena cava (blood comes from the head and arms.) → image of Aorta; aortic arch (blood goes to the body.) → image of Aorta; right atrium → image of Aorta; tricuspid valve → image of Aorta; inferior vena cava  (blood comes from the body and legs.) → image of Aorta; heart muscle → image of Aorta; right ventricle → image of Aorta; septum → image of Aorta; mitral valve → image of Aorta; left ventricle → image of Aorta"
"3645.png","A diagram showing the human heart with labeled parts and blood flow direction.","pulmonary veins (from lungs to left atrium); tricuspid valve; to the lungs; mitral valve; pulmonary artery; pulmonary veins(from lungs to right atrium); left atrium; aortic valve; left ventricle; oxygenated blood; descending aorta; superior vena cava; right ventricle; right atrium; pulmonary valve; to the lungs; unoxygenated blood; inferior vena cava; aorta; image of Heart diagram","pulmonary veins (from lungs to left atrium) → image of Heart diagram; tricuspid valve → image of Heart diagram; to the lungs → image of Heart diagram; mitral valve → image of Heart diagram; pulmonary artery → image of Heart diagram; pulmonary veins(from lungs to right atrium) → image of Heart diagram; left atrium → image of Heart diagram; aortic valve → image of Heart diagram; left ventricle → image of Heart diagram; oxygenated blood → image of Heart diagram; descending aorta → image of Heart diagram; superior vena cava → image of Heart diagram; right ventricle → image of Heart diagram; right atrium → image of Heart diagram; pulmonary valve → image of Heart diagram; to the lungs → image of Heart diagram; unoxygenated blood → image of Heart diagram; inferior vena cava → image of Heart diagram; aorta → image of Heart diagram"
"3646.png","A diagram showing the human heart with labeled parts","aorta; anterior vena cava; sapium; left ventricle; semilunar value; right atrium; right ventricle; posterior vena cava; pulmonary artery; left atrium; pulmonary vein; atrioventriclar valve; image of Aorta","aorta → image of Aorta; anterior vena cava → image of Aorta; sapium → image of Aorta; left ventricle → image of Aorta; semilunar value → image of Aorta; right atrium → image of Aorta; right ventricle → image of Aorta; posterior vena cava → image of Aorta; pulmonary artery → image of Aorta; left atrium → image of Aorta; pulmonary vein → image of Aorta; atrioventriclar valve → image of Aorta"
"3647.png","A diagram showing the anatomy of the human heart with labeled parts.","inferior vena cava; left side of heart; superior vena cava; right pulmonary artery; right pulmonary veins; right atrium; right ventricle; left pulmonary artery; left pulmonary veins; left atrium; left ventricle; coronary artery; aorta; aorta; right side of heart'; image of Heart","inferior vena cava → image of Heart; left side of heart → image of Heart; superior vena cava → image of Heart; right pulmonary artery → image of Heart; right pulmonary veins → image of Heart; right pulmonary veins → image of Heart; right atrium → image of Heart; right ventricle → image of Heart; left pulmonary artery → image of Heart; left pulmonary veins → image of Heart; left pulmonary veins → image of Heart; left pulmonary veins → image of Heart; left atrium → image of Heart; left ventricle → image of Heart; coronary artery → image of Heart; aorta → image of Heart; aorta → image of Heart; right side of heart' → image of Heart"
"3648.png","A diagram showing the human heart and its surrounding structures","anterior vena cava; aorta; left lung; left atrium; left ventricle; right ventricle; posterior vena cava; right atrium; right lung; image of Aorta","anterior vena cava → image of Aorta; aorta → image of Aorta; aorta → image of Aorta; left lung → image of Aorta; left lung → image of Aorta; left atrium → image of Aorta; left ventricle → image of Aorta; right ventricle → image of Aorta; posterior vena cava → image of Aorta; right atrium → image of Aorta; right lung → image of Aorta; right lung → image of Aorta"
"3649.png","A diagram showing the human heart with labeled parts","pulmonary artery; pulmonary veins; left atrium; left ventricle; right ventricle; right atrium; image of Heart","pulmonary artery → image of Heart; pulmonary veins → image of Heart; left atrium → image of Heart; left ventricle → image of Heart; right ventricle → image of Heart; right atrium → image of Heart"
"3650.png","A diagram showing the human heart with labeled parts and blood flow direction.The image has a title: the human heart.","the human heart; aorta; left atrium; left ventricle; vena cava; right atrium; right ventricle; oxygenated blood; de-oxygenated blood; image of Aorta","aorta → image of Aorta; left atrium → image of Aorta; left ventricle → image of Aorta; vena cava → image of Aorta; right atrium → image of Aorta; right ventricle → image of Aorta; oxygenated blood → I0; de-oxygenated blood → I0"
"3651.png","A diagram showing the anatomy of the human heart. parts of the human heart is the title.","right ventricle; parts of the human heart; aorta; superier vena cava; right atria; tricuspid valve; mitral valve; left ventricle; wisegeek; image of Heart","right ventricle → image of Heart; aorta → image of Heart; superier vena cava → image of Heart; right atria → image of Heart; tricuspid valve → image of Heart; mitral valve → image of Heart; left ventricle → image of Heart; wisegeek → I0"
"3652.png","A diagram showing the human heart with labeled parts and blood flow directions.","left ventricle lower chamber; aorta carrying re-oxygenated blood to the rest of the ; pulmonary artery carrying co2 rich deoxygenated blood to the lungs; pulmonary vein re-oxygenated blood from the lungs; left atrium upper chamber; superior vena cava; right atrium upper chamber; inferior vena cava; right ventricle lower chamber; image of Heart","left ventricle lower chamber → image of Heart; aorta carrying re-oxygenated blood to the rest of the  → image of Heart; pulmonary artery carrying co2 rich deoxygenated blood to the lungs → image of Heart; pulmonary vein re-oxygenated blood from the lungs → image of Heart; left atrium upper chamber → image of Heart; superior vena cava → image of Heart; right atrium upper chamber → image of Heart; inferior vena cava → image of Heart; right ventricle lower chamber → image of Heart"
"3653.png","A diagram showing the human circulatory system with labeled organs and blood vessels.","lungs; sub-clavian artery; liver; stomach; kidneys; iliac artery; iliac vein; renal vein; hepatic portal vein; vena cava; gastric vein; right ventricle; pulmonary vein; pulmonary artery; right atrium; subclavian vein; hepatic artery; left atrium; left ventricle; aorta; gastric artery; small intestine; renal artery; image of Anatomy","lungs → image of Anatomy; sub-clavian artery → image of Anatomy; liver → image of Anatomy; stomach → image of Anatomy; kidneys → image of Anatomy; iliac artery → image of Anatomy; iliac vein → image of Anatomy; renal vein → image of Anatomy; hepatic portal vein → image of Anatomy; vena cava → image of Anatomy; gastric vein → image of Anatomy; right ventricle → image of Anatomy; pulmonary vein → image of Anatomy; right atrium → image of Anatomy; subclavian vein → image of Anatomy; hepatic artery → image of Anatomy; left atrium → image of Anatomy; left ventricle → image of Anatomy; aorta → image of Anatomy; gastric artery → image of Anatomy; small intestine → image of Anatomy; renal artery → image of Anatomy"
"3654.png","A diagram showing the anatomy of the human heart with labeled parts.","pulmonary valve (or semi-lunar valve); mitral valve; aorta; - pulmonary artery; pulmonary vein; left atrium; left ventricle; cardiac muscle; pulmonary veins; right atrium; tricuspid valve; right ventricle; inferior vena cava; superior vena cava; image of Heart","pulmonary valve (or semi-lunar valve) → image of Heart; mitral valve → image of Heart; aorta → image of Heart; - pulmonary artery → image of Heart; pulmonary vein → image of Heart; left atrium → image of Heart; left ventricle → image of Heart; cardiac muscle → image of Heart; pulmonary veins → image of Heart; right atrium → image of Heart; tricuspid valve → image of Heart; right ventricle → image of Heart; inferior vena cava → image of Heart; superior vena cava → image of Heart"
"3655.png","A diagram showing the human circulatory and digestive systems","thyroid; trachea; bladder; urethra; aorta; heart; esophagus; diaphragm; aorta; spleen; stomach; pancreas; superior vena cava; small intestine; large intestine; rectum; lung; liver; inferior vena cava; gallbladder; kidney; ureter; appendix; image of Heart","thyroid → image of Heart; trachea → image of Heart; bladder → image of Heart; urethra → image of Heart; aorta → image of Heart; heart → image of Heart; esophagus → image of Heart; diaphragm → image of Heart; aorta → image of Heart; spleen → image of Heart; stomach → image of Heart; pancreas → image of Heart; superior vena cava → image of Heart; small intestine → image of Heart; large intestine → image of Heart; rectum → image of Heart; lung → image of Heart; liver → image of Heart; inferior vena cava → image of Heart; gallbladder → image of Heart; kidney → image of Heart; ureter → image of Heart; appendix → image of Heart"
"3656.png","A diagram showing the human circulatory system with labeled parts.","head and arms; jugular vein (also subclavian vein from arms); co2; o2; lungs; pulmonary vein; heart; aorta; mesenteric arteries; liver; digestive tract; kidneys; carotid artery (also subclavian artery to arms); renal artery; iliac artery; co2; trunk and legs; o2; pulmonary artery; superior vena cava; inferior vena cava; hepatic vein; hepatic portal vein; renal vein; iliac vein; image of Lungs","jugular vein (also subclavian vein from arms) → image of Lungs; o2 → image of Lungs; lungs → image of Lungs; pulmonary vein → image of Lungs; heart → image of Lungs; aorta → image of Lungs; mesenteric arteries → image of Lungs; liver → image of Lungs; digestive tract → image of Lungs; kidneys → image of Lungs; carotid artery (also subclavian artery to arms) → image of Lungs; renal artery → image of Lungs; iliac artery → image of Lungs; co2 → image of Lungs; trunk and legs → I0; o2 → image of Lungs; pulmonary artery → image of Lungs; superior vena cava → image of Lungs; inferior vena cava → image of Lungs; hepatic vein → image of Lungs; hepatic portal vein → image of Lungs; renal vein → image of Lungs; iliac vein → image of Lungs"
"3657.png","A diagram showing the human heart with labeled parts and blood flow pathways.","aorta (to body); aortic valve; bicuspid valve; left atrium; pulmonary valve; left pulmonary veins (from lungs); pulmonary artery (to lungs); superior vena cava; right pulmonary veins (from lungs); septum; right atrium; tricuspid valve; right ventricle; inferior vena cavae; pass my exams; left ventricle; image of Aorta","aorta (to body) → image of Aorta; aortic valve → image of Aorta; bicuspid valve → image of Aorta; left atrium → image of Aorta; pulmonary valve → image of Aorta; left pulmonary veins (from lungs) → image of Aorta; pulmonary artery (to lungs) → image of Aorta; superior vena cava → image of Aorta; right pulmonary veins (from lungs) → image of Aorta; septum → image of Aorta; right atrium → image of Aorta; tricuspid valve → image of Aorta; right ventricle → image of Aorta; inferior vena cavae → image of Aorta; pass my exams → I0; left ventricle → image of Aorta"
"3658.png","A diagram showing the anatomy of a mammal and bird heart. The image has a title: mammal and bird heart.","right ventricle; superior vena cava; pulmonary artery; left atrium; bicuspid mitral valve; left ventricle; aortic semilunar valve; pulmonary semilunar valve; right atrium; tricuspid valve; inferior vena cava; mammal and bird heart; aorta; pulmonary veins; image of Title","right ventricle → image of Title; superior vena cava → image of Title; pulmonary artery → image of Title; left atrium → image of Title; bicuspid mitral valve → image of Title; left ventricle → image of Title; aortic semilunar valve → image of Title; pulmonary semilunar valve → image of Title; right atrium → image of Title; tricuspid valve → image of Title; inferior vena cava → image of Title; aorta → image of Title; pulmonary veins → image of Title; pulmonary veins → image of Title"
"3659.png","A diagram showing the human heart with labeled parts and blood flow direction.","aorta; right atrium; left atrium; left ventricle; right ventricle; image of Heart","aorta → image of Heart; aorta → image of Heart; aorta → image of Heart; right atrium → image of Heart; left atrium → image of Heart; left ventricle → image of Heart; right ventricle → image of Heart"
"3660.png","A diagram showing the human heart with labeled parts","left ventricle; aorta; right ventricle; left atrium; ant v.c; right atrium; post v.c; image of Heart diagram","left ventricle → image of Heart diagram; aorta → image of Heart diagram; right ventricle → image of Heart diagram; left atrium → image of Heart diagram; ant v.c → image of Heart diagram; right atrium → image of Heart diagram; post v.c → image of Heart diagram"
"3661.png","A diagram showing the human heart and its components","tricuspid valve; inferior vena cava; right ventricle; right atrium; pulmonary valve; superior vena cava; aorta; pulmonary artery; pulmonary vein; left atrium; mitral valve; aortic valve; left ventricle; image of Diagram","tricuspid valve → image of Diagram; inferior vena cava → image of Diagram; right ventricle → image of Diagram; right ventricle → image of Diagram; right atrium → image of Diagram; pulmonary valve → image of Diagram; superior vena cava → image of Diagram; aorta → image of Diagram; aorta → image of Diagram; aorta → image of Diagram; pulmonary artery → image of Diagram; pulmonary artery → image of Diagram; pulmonary vein → image of Diagram; left atrium → image of Diagram; left atrium → image of Diagram; mitral valve → image of Diagram; aortic valve → image of Diagram; left ventricle → image of Diagram"
"3662.png","A diagram showing the human heart and its components","left ventricle; right ventricle; tricuspid valve; inferior vena cava; aortic valve; superior vena cava; aorta; pulmonary artery; pulmonary vein; mitral valve; left atrium; right atrium; pulmonary valve; image of Heart","left ventricle → image of Heart; right ventricle → image of Heart; tricuspid valve → image of Heart; inferior vena cava → image of Heart; aortic valve → image of Heart; superior vena cava → image of Heart; aorta → image of Heart; pulmonary artery → image of Heart; pulmonary vein → image of Heart; mitral valve → image of Heart; left atrium → image of Heart; right atrium → image of Heart; pulmonary valve → image of Heart"
"3663.png","A diagram showing the human heart with blood flow directions and chamber structure.","4; 3; 2; 1; 9; 8; 7; 6; 5; image of Heart","4 → image of Heart; 3 → image of Heart; 2 → image of Heart; 1 → image of Heart; 9 → image of Heart; 8 → image of Heart; 7 → image of Heart; 6 → image of Heart; 5 → image of Heart"
"3664.png","A diagram showing the electrical conduction system of the heart","right bundle; bachmann's bundle; his bundle; purkinje fibres; sinoatrial node; atrioventricular node; left posterior bundle; image of Heart diagram","right bundle → image of Heart diagram; bachmann's bundle → image of Heart diagram; his bundle → image of Heart diagram; purkinje fibres → image of Heart diagram; sinoatrial node → image of Heart diagram; atrioventricular node → image of Heart diagram; left posterior bundle → image of Heart diagram"
"3665.png","A diagram showing the internal structure of a human heart with labeled parts.","partition between chambers; atria; ventricles; image of Heart","partition between chambers → image of Heart; atria → image of Heart; ventricles → image of Heart"
"3666.png","A diagram showing a cross-section of human skin with its components","hair shaft; pore of sweat gland; epidermis; dermis; fat layer; sweat gland; capillary; hair follicle; hair erector muscle; sebaceous gland; image of Skin cross-section","hair shaft → image of Skin cross-section; pore of sweat gland → image of Skin cross-section; epidermis → image of Skin cross-section; dermis → image of Skin cross-section; fat layer → image of Skin cross-section; sweat gland → image of Skin cross-section; capillary → image of Skin cross-section; hair follicle → image of Skin cross-section; hair erector muscle → image of Skin cross-section; sebaceous gland → image of Skin cross-section"
"3667.png","A diagram showing the anatomy of a heart","aorta; pulmonary artery; coronary artery and vein; left atrium; pulmonary vein; left ventricle; caudal vena cava; right ventricle; right atrium; cranial vena cava; image of Aorta","aorta → image of Aorta; pulmonary artery → image of Aorta; coronary artery and vein → image of Aorta; left atrium → image of Aorta; pulmonary vein → image of Aorta; left ventricle → image of Aorta; caudal vena cava → image of Aorta; right ventricle → image of Aorta; right atrium → image of Aorta; cranial vena cava → image of Aorta"
"3668.png","A diagram showing a cross section of a normal heart with labeled parts.Titled as cross section of a normal heart.","aorta (main artery taking blood to the body); pulmonary veins bring blood into the heart from the lungs; superior vena cava (main vein which brings blood into the heart from the head and neck); pulmonary valve; right atrium; tricuspid valve; inferior vena cava (main vein which brings blood into the heart from the body); right ventricle; pulmonary artery which takes blood to the lungs; left atrium; aortic valve; septum (wall of muscle between the ventricles); mitral valve; left ventricle; myocardium (heart muscle); cross section of a normal heart; image of Aorta","aorta (main artery taking blood to the body) → image of Aorta; pulmonary veins bring blood into the heart from the lungs → image of Aorta; pulmonary veins bring blood into the heart from the lungs → image of Aorta; superior vena cava (main vein which brings blood into the heart from the head and neck) → image of Aorta; pulmonary valve → image of Aorta; right atrium → image of Aorta; tricuspid valve → image of Aorta; inferior vena cava (main vein which brings blood into the heart from the body) → image of Aorta; right ventricle → image of Aorta; pulmonary artery which takes blood to the lungs → image of Aorta; left atrium → image of Aorta; aortic valve → image of Aorta; septum (wall of muscle between the ventricles) → image of Aorta; mitral valve → image of Aorta; left ventricle → image of Aorta; myocardium (heart muscle) → image of Aorta"
"3669.png","A diagram showing the anatomy of a hoof structure with labeled parts.","lateral suspensory ligament ; outer wall ; medial suspensory ligament; membrane ; image of Hoof","lateral suspensory ligament  → image of Hoof; outer wall  → image of Hoof; medial suspensory ligament → image of Hoof; membrane  → image of Hoof"
"3670.png","A diagram showing a cross section of a normal heart with labeled parts.Its title is: cross section of a normal heart.","mitral valve; aortic valve; inferior vena cava (main vein which brings blood into the heart from the body); right ventricle; cross section of a normal heart; left ventricle; pulmonary veins bring blood into the heart from the lungs; pulmonary artery which takes blood to the lungs; left atrium; aorta (main artery taking blood to the body); superior vena cava (main vein which brings blood into the heart from the head and neck); pulmonary valve; right atrium; tricuspid valve; image of Label","mitral valve → image of Label; aortic valve → image of Label; inferior vena cava (main vein which brings blood into the heart from the body) → image of Label; right ventricle → image of Label; left ventricle → image of Label; pulmonary veins bring blood into the heart from the lungs → image of Label; pulmonary artery which takes blood to the lungs → image of Label; left atrium → image of Label; aorta (main artery taking blood to the body) → image of Label; superior vena cava (main vein which brings blood into the heart from the head and neck) → image of Label; pulmonary valve → image of Label; right atrium → image of Label; tricuspid valve → image of Label"
"3671.png","A diagram showing the human digestive system","ileum(small intestine); rectum; stomach; parotid.; salivary glands; sublingual; submandibular; pancreas; liver; gallbladder; duodenum; common bile duct; anus; ascending colon; colon; transverse colon; descending colon; appendix; cecum; tongue; pharynx; oral cavity; esophagus; pancreatic duct; image of Digestive system","ileum(small intestine) → image of Digestive system; rectum → image of Digestive system; stomach → image of Digestive system; parotid. → image of Digestive system; salivary glands → image of Digestive system; sublingual → image of Digestive system; submandibular → image of Digestive system; pancreas → image of Digestive system; liver → image of Digestive system; gallbladder → image of Digestive system; duodenum → image of Digestive system; common bile duct → image of Digestive system; anus → image of Digestive system; ascending colon → image of Digestive system; colon → image of Digestive system; transverse colon → image of Digestive system; descending colon → image of Digestive system; appendix → image of Digestive system; cecum → image of Digestive system; tongue → image of Digestive system; pharynx → image of Digestive system; oral cavity → image of Digestive system; esophagus → image of Digestive system; pancreatic duct → image of Digestive system"
"3672.png","A diagram showing the digestive system of the human body","pictureofhumanbody.com; parotid gland; jejunum; decending colon; sigmoid colon; rectum; anus; sigmoid flexure; appendix; cecum; ileum; acending colon; sublingual gland; hepatic flexure; pancreas; duodenum; gallbladder; submandibular gland; liver; esophagus; stomach; spleen; splenic flexura of transverse colon; transverse colon; image of Salivary Glands","pictureofhumanbody.com → I0; parotid gland → image of Salivary Glands; jejunum → image of Salivary Glands; decending colon → image of Salivary Glands; sigmoid colon → image of Salivary Glands; rectum → image of Salivary Glands; anus → image of Salivary Glands; sigmoid flexure → image of Salivary Glands; appendix → image of Salivary Glands; cecum → image of Salivary Glands; ileum → image of Salivary Glands; acending colon → image of Salivary Glands; sublingual gland → image of Salivary Glands; hepatic flexure → image of Salivary Glands; pancreas → image of Salivary Glands; duodenum → image of Salivary Glands; gallbladder → image of Salivary Glands; submandibular gland → image of Salivary Glands; liver → image of Salivary Glands; esophagus → image of Salivary Glands; stomach → image of Salivary Glands; spleen → image of Salivary Glands; splenic flexura of transverse colon → image of Salivary Glands; transverse colon → image of Salivary Glands"
"3673.png","A diagram showing the human digestive system","oral cavity; esophagus; liver; gall bladder; pancreas; stomach; small intestine; cecum; large intestine; anus; image of Digestive tract","oral cavity → image of Digestive tract; esophagus → image of Digestive tract; liver → image of Digestive tract; gall bladder → image of Digestive tract; pancreas → image of Digestive tract; stomach → image of Digestive tract; small intestine → image of Digestive tract; cecum → image of Digestive tract; large intestine → image of Digestive tract; anus → image of Digestive tract"
"3674.png","A diagram showing the human digestive system.","mouth; pharynx; jejunum; duodenum; ascending colon; ileum; sigmoid colon; rectum; anus; tongue; esophagus; pancreas; gallbladder; liver; stomach; transverse colon; descending colon; image of Digestive system","mouth → image of Digestive system; pharynx → image of Digestive system; jejunum → image of Digestive system; duodenum → image of Digestive system; ascending colon → image of Digestive system; ileum → image of Digestive system; sigmoid colon → image of Digestive system; rectum → image of Digestive system; anus → image of Digestive system; tongue → image of Digestive system; esophagus → image of Digestive system; pancreas → image of Digestive system; gallbladder → image of Digestive system; liver → image of Digestive system; stomach → image of Digestive system; transverse colon → image of Digestive system; descending colon → image of Digestive system"
"3675.png","A diagram showing the human digestive system","pharynx; tongue; transverse colon; colon; descending colon; cecum; ileum (small intestine); stomach ; pancreatic duct; oral cavity; esophagus ; pancreas; duodenum ; liver; common bile duct; gallbladder.; ascending colon; image of Oral cavity","pharynx → image of Oral cavity; tongue → image of Oral cavity; transverse colon → image of Oral cavity; colon → image of Oral cavity; descending colon → image of Oral cavity; cecum → image of Oral cavity; ileum (small intestine) → image of Oral cavity; stomach  → image of Oral cavity; pancreatic duct → image of Oral cavity; esophagus  → image of Oral cavity; pancreas → image of Oral cavity; duodenum  → image of Oral cavity; liver → image of Oral cavity; common bile duct → image of Oral cavity; gallbladder. → image of Oral cavity; ascending colon → image of Oral cavity"
"3676.png","A diagram showing the human digestive system. The image has a title: digestive system.","appendix; large intestine (colon); pancreas; small intestine; rectum; anus; gallbladder; liver; copyright 2005 mckesson corporation and/or one of its subsidiaries. all rights reserved; digestive system; parotid gland; salivary gland; esophagus; stomach; image of Head","appendix → image of Head; large intestine (colon) → image of Head; pancreas → image of Head; small intestine → image of Head; rectum → image of Head; anus → image of Head; gallbladder → image of Head; liver → image of Head; copyright 2005 mckesson corporation and/or one of its subsidiaries. all rights reserved → I0; parotid gland → image of Head; salivary gland → image of Head; esophagus → image of Head; stomach → image of Head"
"3677.png","A diagram showing the human digestive system. The image has a title: the digestive system.","the digestive system; oral cavity; large intestine; pancreas; stomach; salivary glands; liver; pharynx; esopahangus; gallbladder; small intestine; rectum; anus; image of Head","oral cavity → image of Head; large intestine → image of Head; pancreas → image of Head; stomach → image of Head; salivary glands → image of Head; liver → image of Head; pharynx → image of Head; esopahangus → image of Head; gallbladder → image of Head; small intestine → image of Head; rectum → image of Head; anus → image of Head"
"3678.png","A diagram showing the human digestive system.","mouth; gallbladder; liver; large intestine; esophagus; stomach; pancreas (under stomach); small intestine; rectum; image of Digestive system","mouth → image of Digestive system; gallbladder → image of Digestive system; liver → image of Digestive system; large intestine → image of Digestive system; esophagus → image of Digestive system; stomach → image of Digestive system; pancreas (under stomach) → image of Digestive system; small intestine → image of Digestive system; rectum → image of Digestive system"
"3679.png","A diagram showing the human digestive system with labeled parts.","soft palate; hard palate; oropharynx; parotid gland; liver (cut); gallbladder; duodenum; common bile duct; pancreas; ascending colon; cecum; vermiform appendix; sublingual gland; ileum; anus; rectum; sigmoid colon; descending colon; small intestine; jejunum; transverse colon; spleen; diaphragm; laryngopharynx; stomach; esophagus; larynx; oral cavity; submandibular gland; tongue; trachea; nasopharynx; image of Digestive system","soft palate → image of Digestive system; hard palate → image of Digestive system; oropharynx → image of Digestive system; parotid gland → image of Digestive system; liver (cut) → image of Digestive system; gallbladder → image of Digestive system; duodenum → image of Digestive system; common bile duct → image of Digestive system; pancreas → image of Digestive system; ascending colon → image of Digestive system; cecum → image of Digestive system; vermiform appendix → image of Digestive system; sublingual gland → image of Digestive system; ileum → image of Digestive system; anus → image of Digestive system; rectum → image of Digestive system; sigmoid colon → image of Digestive system; descending colon → image of Digestive system; small intestine → image of Digestive system; jejunum → image of Digestive system; transverse colon → image of Digestive system; spleen → image of Digestive system; diaphragm → image of Digestive system; laryngopharynx → image of Digestive system; stomach → image of Digestive system; esophagus → image of Digestive system; larynx → image of Digestive system; oral cavity → image of Digestive system; submandibular gland → image of Digestive system; tongue → image of Digestive system; trachea → image of Digestive system; nasopharynx → image of Digestive system"
"3680.png","A diagram showing the human digestive system with labeled parts.organs of the digestive system is the title.","liver; tongue; rectum; large intestine; gallbladder; organs of the digestive system; mouth; pharynx; esophagus; stomach; pancreas; small intestine; anus; image of Esophagus","liver → image of Esophagus; tongue → image of Esophagus; rectum → image of Esophagus; large intestine → image of Esophagus; gallbladder → image of Esophagus; mouth → image of Esophagus; pharynx → image of Esophagus; esophagus → image of Esophagus; stomach → image of Esophagus; pancreas → image of Esophagus; small intestine → image of Esophagus; anus → image of Esophagus"
"3681.png","A diagram showing the human digestive system with labeled parts.","oral cavity; salivary glands; rectum; anus; the internal cleansing kit assures regular elimination and supports healthy functioning of your digestive system.; esophagus; pancreas; stomach; small intestine; large intestine; pharynx; gallbladder; liver; image of Diagram label","oral cavity → image of Diagram label; salivary glands → image of Diagram label; salivary glands → image of Diagram label; rectum → image of Diagram label; anus → image of Diagram label; the internal cleansing kit assures regular elimination and supports healthy functioning of your digestive system. → I0; esophagus → image of Diagram label; pancreas → image of Diagram label; stomach → image of Diagram label; small intestine → image of Diagram label; large intestine → image of Diagram label; pharynx → image of Diagram label; gallbladder → image of Diagram label; liver → image of Diagram label"
"3682.png","A diagram showing the human digestive system","esophagus; stomach; small intestine; large intestine (colon); rectum; anus; pancreas; gallbladder; liver; mouth; image of Head","esophagus → image of Head; stomach → image of Head; small intestine → image of Head; large intestine (colon) → image of Head; rectum → image of Head; anus → image of Head; pancreas → image of Head; gallbladder → image of Head; liver → image of Head; mouth → image of Head"
"3683.png","A diagram showing the human gastrointestinal tract. Titled as the gastrointestinal tract.","the gastrointestinal tract; pharynx; sigmoid colon; vermiform appendix; cecum; ascending colon; descending colon; gallbladder; transverse colon; liver; oral cavity; esophagus; stomach; pancreas; jejunum; ileum; sphincter muscle of anus; rectum; anus; image of Digestive system","pharynx → image of Digestive system; sigmoid colon → image of Digestive system; vermiform appendix → image of Digestive system; cecum → image of Digestive system; ascending colon → image of Digestive system; descending colon → image of Digestive system; gallbladder → image of Digestive system; transverse colon → image of Digestive system; liver → image of Digestive system; oral cavity → image of Digestive system; esophagus → image of Digestive system; stomach → image of Digestive system; pancreas → image of Digestive system; jejunum → image of Digestive system; ileum → image of Digestive system; sphincter muscle of anus → image of Digestive system; rectum → image of Digestive system; anus → image of Digestive system"
"3684.png","A diagram showing the human digestive system. Its title is: digestive system.","pancreas; stomach; colon (large intestine); anus; rectum; digestive system; mouth; esophagus; salivary glands; liver; gallbladder; duodenum; small intestine; image of Entire system","pancreas → image of Entire system; stomach → image of Entire system; colon (large intestine) → image of Entire system; anus → image of Entire system; rectum → image of Entire system; mouth → image of Entire system; esophagus → image of Entire system; salivary glands → image of Entire system; liver → image of Entire system; gallbladder → image of Entire system; duodenum → image of Entire system; small intestine → image of Entire system"
"3685.png","A diagram showing the human digestive system within a silhouette of a human body.","large intestine; bile duct; pancreas; small intestine; anus; appendix; gall bladder; liver; trachea-(to lungs); mouth; throat; oesophagus; stomach; spleen; image of Digestive system","large intestine → image of Digestive system; bile duct → image of Digestive system; pancreas → image of Digestive system; small intestine → image of Digestive system; anus → image of Digestive system; appendix → image of Digestive system; gall bladder → image of Digestive system; liver → image of Digestive system; trachea-(to lungs) → image of Digestive system; mouth → image of Digestive system; throat → image of Digestive system; oesophagus → image of Digestive system; stomach → image of Digestive system; spleen → image of Digestive system"
"3686.png","A diagram showing the human digestive system. The image has a title: the digestive system.","the digestive system; oral cavity; parotid; esophagus; stomach; pancreas; large intestine; small intestine; anus; rectum; alila medical media-www.alilamedicalmedia.com; digestive system labeled diagram by funzoo; tongue; zazzle; pharynx; gallbladder; liver; appendix; submandibular; salivary glands:; sublingual; image of Head","oral cavity → image of Head; parotid → image of Head; esophagus → image of Head; stomach → image of Head; pancreas → image of Head; large intestine → image of Head; small intestine → image of Head; anus → image of Head; rectum → image of Head; alila medical media-www.alilamedicalmedia.com → I0; digestive system labeled diagram by funzoo → I0; tongue → image of Head; zazzle → I0; pharynx → image of Head; gallbladder → image of Head; liver → image of Head; appendix → image of Head; submandibular → image of Head; salivary glands: → image of Head; sublingual → image of Head"
"3687.png","A diagram showing the human digestive system","healthwise, incorporated; mouth; liver; gallbladder; large intestine (colon) ------------; rectum; esophagus; stomach; small intestine; pancreas; image of Digestive organs","healthwise, incorporated → I0; mouth → image of Digestive organs; liver → image of Digestive organs; gallbladder → image of Digestive organs; large intestine (colon) ------------ → image of Digestive organs; rectum → image of Digestive organs; esophagus → image of Digestive organs; stomach → image of Digestive organs; small intestine → image of Digestive organs; pancreas → image of Digestive organs"
"3688.png","A diagram showing the human digestive system","caecum; lleum(small intestine); descending colon; rectum; anus; vermiform appendix; ascending colon; transverse colon; duodenum; gall bladder; wisegeek; stomach; pancreas; jejunum; image of Stomach","caecum → image of Stomach; lleum(small intestine) → image of Stomach; descending colon → image of Stomach; rectum → image of Stomach; anus → image of Stomach; vermiform appendix → image of Stomach; ascending colon → image of Stomach; transverse colon → image of Stomach; duodenum → image of Stomach; gall bladder → image of Stomach; wisegeek → I0; stomach → image of Stomach; pancreas → image of Stomach; jejunum → image of Stomach"
"3689.png","A diagram showing the human digestive system with labeled parts.","tongue; salivary glands create mucus to aid in digestion; oesophagus; stomach stores and breaks down ingested food; liver produces bile; gall bladder stores bile, which aids in digesting lipids; small intestine (duodenum, jejunum, and ilium digests carbohydrates, fats, and proteins and absorbs nutrients; pancreas produces digestive enzymes and bicarbonate solution; large intestine absorbs the water and ions; image of Salivary Glands","tongue → image of Salivary Glands; salivary glands create mucus to aid in digestion → image of Salivary Glands; oesophagus → image of Salivary Glands; stomach stores and breaks down ingested food → image of Salivary Glands; liver produces bile → image of Salivary Glands; gall bladder stores bile, which aids in digesting lipids → image of Salivary Glands; small intestine (duodenum, jejunum, and ilium digests carbohydrates, fats, and proteins and absorbs nutrients → image of Salivary Glands; pancreas produces digestive enzymes and bicarbonate solution → image of Salivary Glands; large intestine absorbs the water and ions → image of Salivary Glands"
"3690.png","A diagram showing the human digestive system","epiglottis; esophagus; appendix; anus; rectum; salivary glands; tongue; stomach; liver; duodenum; gallbladder; pancreas; ileum (small intestine); collon; caecum; image of Digestive system","epiglottis → image of Digestive system; esophagus → image of Digestive system; appendix → image of Digestive system; anus → image of Digestive system; rectum → image of Digestive system; salivary glands → image of Digestive system; tongue → image of Digestive system; stomach → image of Digestive system; liver → image of Digestive system; duodenum → image of Digestive system; gallbladder → image of Digestive system; pancreas → image of Digestive system; ileum (small intestine) → image of Digestive system; collon → image of Digestive system; caecum → image of Digestive system"
"3691.png","A diagram showing the human digestive system with labeled parts.","mouth; tongue; anus; appendix; caecum; anal canal; rectum; sigmoid colon; descending colon; transverse colon; ascending colon; stomach; pharynx; parotid gland; esophagus; sublingual gland; submandibular gland; salivary glands; large intestine; liver; gallbladder; pancreas; duodenum; jejunum; ileum; small intestine; image of Digestive system","mouth → image of Digestive system; tongue → image of Digestive system; anus → image of Digestive system; appendix → image of Digestive system; caecum → image of Digestive system; anal canal → image of Digestive system; rectum → image of Digestive system; sigmoid colon → image of Digestive system; descending colon → image of Digestive system; transverse colon → image of Digestive system; ascending colon → image of Digestive system; stomach → image of Digestive system; pharynx → image of Digestive system; parotid gland → image of Digestive system; esophagus → image of Digestive system; sublingual gland → image of Digestive system; submandibular gland → image of Digestive system; salivary glands → image of Digestive system; large intestine → image of Digestive system; liver → image of Digestive system; gallbladder → image of Digestive system; pancreas → image of Digestive system; duodenum → image of Digestive system; jejunum → image of Digestive system; ileum → image of Digestive system; small intestine → image of Digestive system"
"3692.png","A diagram showing the human endocrine system with labeled glands and organs.the endocrine system is the title.","the endocrine system; pituitary gland; hypothalamus; pineal gland; thyroid gland; pancreas; ovaries; auuuu.org; testes; kidneys; adrenal glands; parathyroid glands; image of Brain; image of Reproductive","pituitary gland → image of Brain; hypothalamus → image of Brain; pineal gland → image of Brain; thyroid gland → image of Brain; pancreas → image of Brain; ovaries → image of Reproductive; ovaries → image of Reproductive; auuuu.org → I0; testes → image of Brain; testes → image of Brain; kidneys → image of Brain; adrenal glands → image of Brain; parathyroid glands → image of Brain"
"3693.png","A diagram showing the human digestive system","parotid gland; sublingual gland; acending colon; cecum; ileum; appendix; anus; sigmoid flexure; rectum; sigmoid colon; decending colon; jejunum; submandibular gland; transverse colon; splenic flexura of transverse colon; spleen; esophagus; liver; stomach; gallbladder; duodenum; pancreas; hepatic flexure; image of Esophagus","parotid gland → image of Esophagus; sublingual gland → image of Esophagus; acending colon → image of Esophagus; cecum → image of Esophagus; ileum → image of Esophagus; appendix → image of Esophagus; anus → image of Esophagus; sigmoid flexure → image of Esophagus; rectum → image of Esophagus; sigmoid colon → image of Esophagus; decending colon → image of Esophagus; jejunum → image of Esophagus; submandibular gland → image of Esophagus; transverse colon → image of Esophagus; splenic flexura of transverse colon → image of Esophagus; spleen → image of Esophagus; esophagus → image of Esophagus; liver → image of Esophagus; stomach → image of Esophagus; gallbladder → image of Esophagus; duodenum → image of Esophagus; pancreas → image of Esophagus; hepatic flexure → image of Esophagus"
"3694.png","A diagram showing the human digestive system with labeled parts.","parotid gland; pharynx; pancreas; transverse colon; jejunum; descending colon; ileum; sigmoid colon; rectum; anus; right lateral view of head and neck and anterior view of trunk; esophagus; liver; gallbladder; duodenum; ascending colon; cecum; appendix; stomach; image of Digestive system","parotid gland → image of Digestive system; pharynx → image of Digestive system; pancreas → image of Digestive system; transverse colon → image of Digestive system; jejunum → image of Digestive system; descending colon → image of Digestive system; ileum → image of Digestive system; sigmoid colon → image of Digestive system; rectum → image of Digestive system; anus → image of Digestive system; right lateral view of head and neck and anterior view of trunk → I0; esophagus → image of Digestive system; liver → image of Digestive system; gallbladder → image of Digestive system; duodenum → image of Digestive system; ascending colon → image of Digestive system; cecum → image of Digestive system; appendix → image of Digestive system; stomach → image of Digestive system"
"3695.png","A diagram showing the human digestive system","salivary_glands; -tongue; -stomach; pancreas; small intestin; oesophagus-; liver-; gall bladder; large intestine; rectum; image of Digestive system","salivary_glands → image of Digestive system; -tongue → image of Digestive system; -stomach → image of Digestive system; pancreas → image of Digestive system; small intestin → image of Digestive system; oesophagus- → image of Digestive system; liver- → image of Digestive system; gall bladder → image of Digestive system; large intestine → image of Digestive system; rectum → image of Digestive system"
"3696.png","A diagram showing the human digestive system","mouth; - esophagus; appendix; 2006 encyclopaedia britannica, inc.; teeth; liver; pancreas; gallbladder; stomach; small intestine; large intestine; anus; image of Digestive System","mouth → image of Digestive System; - esophagus → image of Digestive System; appendix → image of Digestive System; 2006 encyclopaedia britannica, inc. → I0; teeth → image of Digestive System; liver → image of Digestive System; pancreas → image of Digestive System; gallbladder → image of Digestive System; stomach → image of Digestive System; small intestine → image of Digestive System; large intestine → image of Digestive System; anus → image of Digestive System"
"3697.png","A diagram showing the human digestive system with a detailed inset of the stomach and sphincters.","oral cavity; salivary glands; stomach; small intestine; gall-bladder; pancreas; small intestine; large intestine; rectum; anus; copyright © 2009 pearson education, inc.; mouth; tongue; pharynx; esophagus; liver; esophagus; sphincter; sphincter; image of Digestive system; image of Stomach detail","oral cavity → image of Digestive system; salivary glands → image of Digestive system; salivary glands → image of Digestive system; salivary glands → image of Digestive system; stomach → image of Stomach detail; small intestine → image of Stomach detail; gall-bladder → image of Digestive system; pancreas → image of Digestive system; small intestine → image of Digestive system; large intestine → image of Digestive system; rectum → image of Digestive system; anus → image of Digestive system; copyright © 2009 pearson education, inc. → I0; mouth → image of Digestive system; tongue → image of Digestive system; pharynx → image of Digestive system; esophagus → image of Digestive system; liver → image of Digestive system; esophagus → image of Stomach detail; sphincter → image of Stomach detail; sphincter → image of Stomach detail"
"3698.png","A diagram showing the human digestive system with labeled parts.","pharynx; tongue; anal canal; anus; appendix; cecum; ascending colon; transverse colon; gallbladder ; duodenum; diaphragm; liver; oral cavity; esophagus; salivary glands; submandibular; parotid; sublingual; stomach; pancreas; common bile duct; pancreatic duct; small intestine; descending colon; rectum; image of Head","pharynx → image of Head; tongue → image of Head; anal canal → image of Head; anus → image of Head; appendix → image of Head; cecum → image of Head; ascending colon → image of Head; transverse colon → image of Head; gallbladder  → image of Head; duodenum → image of Head; diaphragm → image of Head; liver → image of Head; oral cavity → image of Head; esophagus → image of Head; salivary glands → image of Head; submandibular → image of Head; parotid → image of Head; sublingual → image of Head; stomach → image of Head; pancreas → image of Head; common bile duct → image of Head; pancreatic duct → image of Head; small intestine → image of Head; descending colon → image of Head; rectum → image of Head"
"3699.png","A diagram showing the human digestive system. Its title is: the digestive system.","the digestive system; mouth; small intestine; anus; salivary glands; pharynx; oesophagus; liver; stomach; large intestine; rectum; pancreas; image of Mouth","mouth → image of Mouth; small intestine → image of Mouth; anus → image of Mouth; salivary glands → image of Mouth; salivary glands → image of Mouth; salivary glands → image of Mouth; pharynx → image of Mouth; oesophagus → image of Mouth; liver → image of Mouth; stomach → image of Mouth; large intestine → image of Mouth; rectum → image of Mouth; pancreas → image of Mouth"
"3700.png","A diagram showing the human digestive system","1; 2; 11; 3; 4; 5; 7; 8; 9; 6; 10; image of Nasal cavity","1 → image of Nasal cavity; 2 → image of Nasal cavity; 11 → image of Nasal cavity; 3 → image of Nasal cavity; 4 → image of Nasal cavity; 5 → image of Nasal cavity; 7 → image of Nasal cavity; 8 → image of Nasal cavity; 9 → image of Nasal cavity; 6 → image of Nasal cavity; 10 → image of Nasal cavity"
"3701.png","A diagram showing the human digestive system with labeled parts.","ileum; descending colon; rectum; copyright © 2006 pearson education, inc., publishing as benjamin cummings.; mouth (oral cavity); parotid gland; tongue; salivary glands; sublingual gland; submandibular gland; pancreas; stomach; transverse colon; (spleen); pharynx; esophagus; liver; gallbladder; small intestine; duodenum; jejunum; large intestine; ascending colon; cecum; anus; sigmoid colon; vermiform appendix; anal canal; image of Head","ileum → image of Head; descending colon → image of Head; rectum → image of Head; copyright © 2006 pearson education, inc., publishing as benjamin cummings. → I0; mouth (oral cavity) → image of Head; parotid gland → image of Head; tongue → image of Head; salivary glands → image of Head; sublingual gland → image of Head; submandibular gland → image of Head; pancreas → image of Head; stomach → image of Head; transverse colon → image of Head; (spleen) → image of Head; pharynx → image of Head; esophagus → image of Head; liver → image of Head; gallbladder → image of Head; small intestine → image of Head; duodenum → image of Head; jejunum → image of Head; large intestine → image of Head; ascending colon → image of Head; cecum → image of Head; anus → image of Head; sigmoid colon → image of Head; vermiform appendix → image of Head; anal canal → image of Head"
"3702.png","A diagram showing human anatomy with labeled organs and systems. Titled as human anatomy.","pharynx; human anatomy; kidneys; skeleton; intestines; lungs; spleen; bone marrow; stomach; veins; pancreas; urinary bladder; brain; lymph nodes; larynx; heart; arteries; muscles; liver; gallbladder; image of Labels","pharynx → image of Labels; kidneys → image of Labels; skeleton → image of Labels; intestines → image of Labels; lungs → image of Labels; spleen → image of Labels; bone marrow → image of Labels; stomach → image of Labels; veins → image of Labels; pancreas → image of Labels; urinary bladder → image of Labels; brain → image of Labels; lymph nodes → image of Labels; larynx → image of Labels; heart → image of Labels; arteries → image of Labels; muscles → image of Labels; liver → image of Labels; gallbladder → image of Labels"
"3703.png","A diagram showing the anterior view of the nine regions of the abdomen with superficial organs.The title is: (b) anterior view of the nine regions showing the superficial organs.","transverse colon of large intestine; descending colon of large intestine ; ascending colon of large intestine; small intestine; cecum; appendix; -initial part of sigmoid colon; urinary bladder; (b) anterior view of the nine regions showing the superficial organs; liver; diaphragm; stomach; spleen; gallbladder; image of Anatomy","transverse colon of large intestine → image of Anatomy; descending colon of large intestine  → image of Anatomy; ascending colon of large intestine → image of Anatomy; small intestine → image of Anatomy; cecum → image of Anatomy; appendix → image of Anatomy; -initial part of sigmoid colon → image of Anatomy; urinary bladder → image of Anatomy; liver → image of Anatomy; diaphragm → image of Anatomy; stomach → image of Anatomy; spleen → image of Anatomy; gallbladder → image of Anatomy"
"3704.png","A diagram showing the female reproductive system and surrounding anatomy.","pubic bone; clitoris; uterus; urinary bladder; cervix; vagina; labium minora; urethra; labium majora; rectum; anus; ureter; ovary; fallopian tube; image of Ureter","pubic bone → image of Ureter; clitoris → image of Ureter; uterus → image of Ureter; urinary bladder → image of Ureter; cervix → image of Ureter; vagina → image of Ureter; labium minora → image of Ureter; urethra → image of Ureter; labium majora → image of Ureter; rectum → image of Ureter; anus → image of Ureter; ureter → image of Ureter; ovary → image of Ureter; fallopian tube → image of Ureter"
"3705.png","A diagram showing the male urinary bladder and urethra with labeled parts.Its title is: urinary bladder and urethra male.","urinary bladder and urethra male; rugae; external urethral sphincter; urogenital diaphragm; internal urethral sphincter; trigone; ureteral opening; detrusor muscle; ureter; internal urethral orifice; prostatic urethra; prostate gland; membranous urethra; spongy urethra; zazzle; external urethral orifice; image of Kidneys; image of Bladder","rugae → image of Bladder; external urethral sphincter → image of Bladder; urogenital diaphragm → image of Bladder; internal urethral sphincter → image of Bladder; trigone → image of Bladder; ureteral opening → image of Bladder; detrusor muscle → image of Bladder; ureter → image of Bladder; internal urethral orifice → image of Bladder; prostatic urethra → image of Bladder; prostate gland → image of Bladder; membranous urethra → image of Bladder; spongy urethra → image of Bladder; zazzle → I0; external urethral orifice → image of Bladder"
"3706.png","A diagram showing the human digestive system. digestive system is the title.","stomach; pancreas; esophagus; colon; rectum; small intestine; digestive system; appendix; colon; gallbladder; liver; image of Digestive organs","stomach → image of Digestive organs; pancreas → image of Digestive organs; esophagus → image of Digestive organs; colon → image of Digestive organs; rectum → image of Digestive organs; small intestine → image of Digestive organs; appendix → image of Digestive organs; colon → image of Digestive organs; gallbladder → image of Digestive organs; liver → image of Digestive organs"
"3707.png","A diagram showing the human digestive system with labeled parts.","sublingual gland; submandibular gland; lleum; splenic flexura of transverse colon; sigmoid colon; decending colon; transverse colon; jejunum; spleen; esophagus; stomach; liver; gallbladder; pancreas; acending colon; hepatic flexure; duodenum; image of Diagram label","sublingual gland → image of Diagram label; submandibular gland → image of Diagram label; lleum → image of Diagram label; splenic flexura of transverse colon → image of Diagram label; sigmoid colon → image of Diagram label; decending colon → image of Diagram label; transverse colon → image of Diagram label; jejunum → image of Diagram label; spleen → image of Diagram label; esophagus → image of Diagram label; stomach → image of Diagram label; liver → image of Diagram label; gallbladder → image of Diagram label; pancreas → image of Diagram label; acending colon → image of Diagram label; hepatic flexure → image of Diagram label; duodenum → image of Diagram label"
"3708.png","A diagram showing the human digestive system","pancreas; liver & gallbladder; stomach; esophagus; intestines, appendix & anus; rectum; colon; image of Esophagus","pancreas → image of Esophagus; liver & gallbladder → image of Esophagus; stomach → image of Esophagus; esophagus → image of Esophagus; intestines, appendix & anus → image of Esophagus; rectum → image of Esophagus; colon → image of Esophagus"
"3709.png","A diagram showing the human digestive system","small intesting; gallblader; transverse colon; descending colon; sigmoid colon; rectum; esophagus; common bile duct; ascending colon; large intesting; liver; appendix; stomach; spleen; pancreas; image of Esophagus","small intesting → image of Esophagus; gallblader → image of Esophagus; transverse colon → image of Esophagus; descending colon → image of Esophagus; sigmoid colon → image of Esophagus; rectum → image of Esophagus; esophagus → image of Esophagus; common bile duct → image of Esophagus; large intesting → image of Esophagus; liver → image of Esophagus; appendix → image of Esophagus; stomach → image of Esophagus; spleen → image of Esophagus; pancreas → image of Esophagus"
"3710.png","A diagram showing the human circulatory system with labeled parts.","pulmonary veins; celiac trunk; aortic arch; superior vena cava; coronary; hepatic veins; heart; liver; inferior vena cava; portal vein; superior mesenteric; abdominal aorta; diaphragm; common iliac -; internal iliac; external iliac; deep femoral -; femoral; left common carotid; brachiocephalic trunk; subclavian; axillary; brachial; stomach; inferior mesenteric; internal carotid; external carotid; right common carotid; internal jugular vein; brachiocephalic veins; image of Vessels","pulmonary veins → image of Vessels; pulmonary veins → image of Vessels; celiac trunk → image of Vessels; aortic arch → image of Vessels; superior vena cava → image of Vessels; coronary → image of Vessels; hepatic veins → image of Vessels; heart → image of Vessels; liver → image of Vessels; inferior vena cava → image of Vessels; portal vein → image of Vessels; superior mesenteric → image of Vessels; abdominal aorta → image of Vessels; diaphragm → image of Vessels; common iliac - → image of Vessels; internal iliac → image of Vessels; external iliac → image of Vessels; deep femoral - → image of Vessels; femoral → image of Vessels; left common carotid → image of Vessels; brachiocephalic trunk → image of Vessels; subclavian → image of Vessels; axillary → image of Vessels; brachial → image of Vessels; stomach → image of Vessels; inferior mesenteric → image of Vessels; internal carotid → image of Vessels; external carotid → image of Vessels; right common carotid → image of Vessels; internal jugular vein → image of Vessels; brachiocephalic veins → image of Vessels; brachiocephalic veins → image of Vessels"
"3711.png","A diagram showing the human digestive system","parotid gland; submandibular gland; hepatic flexure; cecum; sigmoid flexure; appendix; anus; rectum; decending colon; splenic flexura of transverse colon; sigmoid colon; jejunum; sublingual gland; transverse colon; esophagus; stomach; liver; pancreas; gallbladder; acending colon; duodenum; image of Parotid Gland","parotid gland → image of Parotid Gland; submandibular gland → image of Parotid Gland; hepatic flexure → image of Parotid Gland; cecum → image of Parotid Gland; cecum → image of Parotid Gland; sigmoid flexure → image of Parotid Gland; appendix → image of Parotid Gland; anus → image of Parotid Gland; rectum → image of Parotid Gland; decending colon → image of Parotid Gland; splenic flexura of transverse colon → image of Parotid Gland; sigmoid colon → image of Parotid Gland; jejunum → image of Parotid Gland; sublingual gland → image of Parotid Gland; transverse colon → image of Parotid Gland; esophagus → image of Parotid Gland; stomach → image of Parotid Gland; liver → image of Parotid Gland; pancreas → image of Parotid Gland; gallbladder → image of Parotid Gland; acending colon → image of Parotid Gland; duodenum → image of Parotid Gland"
"3712.png","A diagram showing the human digestive system. Titled as human digestive system.","oral cavity; pharynx; small intestine; descending colon; anal canal; pancreatic duct; sigmoid colon; stomach; rectum; common bile duct; pancreas; liver; tongue; transverse colon; ascending colon; duodenum; gallbladder; diaphragm; appendix; cecum; anus; salivary glands; sylvia s. mader, inquiry into life, 8th edition. copyright © 1997 the mcgraw-hill companies, inc. all rights reserved.; human digestive system; sublingual; submandibular; parotid-; esophagus; image of Esophagus","oral cavity → image of Esophagus; pharynx → image of Esophagus; small intestine → image of Esophagus; descending colon → image of Esophagus; anal canal → image of Esophagus; pancreatic duct → image of Esophagus; sigmoid colon → image of Esophagus; stomach → image of Esophagus; rectum → image of Esophagus; common bile duct → image of Esophagus; pancreas → image of Esophagus; liver → image of Esophagus; tongue → image of Esophagus; transverse colon → image of Esophagus; ascending colon → image of Esophagus; duodenum → image of Esophagus; gallbladder → image of Esophagus; diaphragm → image of Esophagus; appendix → image of Esophagus; cecum → image of Esophagus; anus → image of Esophagus; salivary glands → image of Esophagus; sylvia s. mader, inquiry into life, 8th edition. copyright © 1997 the mcgraw-hill companies, inc. all rights reserved. → I0; sublingual → image of Esophagus; submandibular → image of Esophagus; parotid- → image of Esophagus; esophagus → image of Esophagus"
"3713.png","A diagram showing the human digestive system with labeled parts.","pharynx; liver; anus; gallbladder; small intestine; large intestine; salivary glands; mouth; esophagus; stomach; pancreas; image of Pharynx","pharynx → image of Pharynx; liver → image of Pharynx; anus → image of Pharynx; gallbladder → image of Pharynx; small intestine → image of Pharynx; large intestine → image of Pharynx; salivary glands → image of Pharynx; mouth → image of Pharynx; esophagus → image of Pharynx; stomach → image of Pharynx; pancreas → image of Pharynx"
"3714.png","A diagram showing the human digestive system with labeled parts.","lleum; liver*; salivary glands*; pharynx; stomach; pancreas*; (spleen); transverse colon; ascending colon; sigmoid colon; rectum; appendix; gallbladder*; descending colon; cecum; anal canal; large intestine; anus; small intestine; duodenum; jejunum; esophagus; 2013 pearson education, inc.; tongue*; mouth (oral cavity); submandibular gland; parotid gland; sublingual gland; image of Head","lleum → image of Head; liver* → image of Head; salivary glands* → image of Head; pharynx → image of Head; stomach → image of Head; pancreas* → image of Head; (spleen) → image of Head; transverse colon → image of Head; ascending colon → image of Head; sigmoid colon → image of Head; rectum → image of Head; appendix → image of Head; gallbladder* → image of Head; descending colon → image of Head; cecum → image of Head; anal canal → image of Head; large intestine → image of Head; anus → image of Head; small intestine → image of Head; duodenum → image of Head; jejunum → image of Head; esophagus → image of Head; 2013 pearson education, inc. → I0; tongue* → image of Head; mouth (oral cavity) → image of Head; submandibular gland → image of Head; parotid gland → image of Head; sublingual gland → image of Head"
"3715.png","A diagram showing the human digestive system with labeled parts.","oral cavity; teeth; pancreas; small intestine; large intestine; anus; rectum; tongue; parotid (salivary) gland; pharynx; esophagus; liver; - stomach; gallbladder; duodenum; image of Digestive system","oral cavity → image of Digestive system; teeth → image of Digestive system; pancreas → image of Digestive system; small intestine → image of Digestive system; large intestine → image of Digestive system; anus → image of Digestive system; rectum → image of Digestive system; tongue → image of Digestive system; parotid (salivary) gland → image of Digestive system; pharynx → image of Digestive system; esophagus → image of Digestive system; liver → image of Digestive system; - stomach → image of Digestive system; gallbladder → image of Digestive system; duodenum → image of Digestive system"
"3716.png","A diagram showing the human digestive system. the digestive system is the title.","the digestive system; salivary glands:; healthy gut guide; rectum; anus; appendix; gallbladder; liver; pharynx; tongue; oral cavity; parotid; sublingual; submandibular; esophagus; stomach; pancreas; large intestine; small intestine; image of Head","salivary glands: → image of Head; rectum → image of Head; anus → image of Head; appendix → image of Head; gallbladder → image of Head; liver → image of Head; pharynx → image of Head; tongue → image of Head; oral cavity → image of Head; parotid → image of Head; sublingual → image of Head; submandibular → image of Head; esophagus → image of Head; stomach → image of Head; pancreas → image of Head; large intestine → image of Head; small intestine → image of Head"
"3717.png","A diagram showing the human digestive system.","epiglottis; oesophagus; cecum; jejunum; duodenum; small intestine; ileum; bile duct; gallbladder; diaphram; liver; diagrampic.com; stomach; pancreas; transverse colon; descending colon; sigmoid colon; rectum; ascending colon; appendix; image of Digestive system","epiglottis → image of Digestive system; oesophagus → image of Digestive system; cecum → image of Digestive system; jejunum → image of Digestive system; duodenum → image of Digestive system; small intestine → image of Digestive system; ileum → image of Digestive system; bile duct → image of Digestive system; gallbladder → image of Digestive system; diaphram → image of Digestive system; liver → image of Digestive system; diagrampic.com → I0; stomach → image of Digestive system; pancreas → image of Digestive system; transverse colon → image of Digestive system; descending colon → image of Digestive system; sigmoid colon → image of Digestive system; rectum → image of Digestive system; ascending colon → image of Digestive system; appendix → image of Digestive system"
"3718.png","A diagram showing the human digestive system","nasal cavity; mouth (oral cavity); jejunum; rectum; lleum; sigmold colon; anus; parotid gland; pharynx; esophagus; liver; gallbladder; tooth; duodenum; ascending colon; cecum; appendix; submandibular gland; sublingual gland; tongue; stomach; descending colon; transverse colon; pancreas; image of Digestive system","nasal cavity → image of Digestive system; mouth (oral cavity) → image of Digestive system; jejunum → image of Digestive system; rectum → image of Digestive system; lleum → image of Digestive system; sigmold colon → image of Digestive system; anus → image of Digestive system; parotid gland → image of Digestive system; pharynx → image of Digestive system; esophagus → image of Digestive system; liver → image of Digestive system; gallbladder → image of Digestive system; tooth → image of Digestive system; duodenum → image of Digestive system; ascending colon → image of Digestive system; cecum → image of Digestive system; appendix → image of Digestive system; submandibular gland → image of Digestive system; sublingual gland → image of Digestive system; tongue → image of Digestive system; stomach → image of Digestive system; descending colon → image of Digestive system; transverse colon → image of Digestive system; pancreas → image of Digestive system"
"3719.png","A diagram showing the human digestive system.","stomach; gallbladder; copyright the mcgraw-hill companies, inc. permission required for reproduction or display.; salivary gland; pharynx; salivary gland; esophagus; liver; pancreas; small intestine; cecum; appendix; rectum; anus; colon; image of Salivary gland","stomach → image of Salivary gland; gallbladder → image of Salivary gland; copyright the mcgraw-hill companies, inc. permission required for reproduction or display. → I0; salivary gland → image of Salivary gland; pharynx → image of Salivary gland; salivary gland → image of Salivary gland; esophagus → image of Salivary gland; liver → image of Salivary gland; pancreas → image of Salivary gland; small intestine → image of Salivary gland; cecum → image of Salivary gland; appendix → image of Salivary gland; rectum → image of Salivary gland; anus → image of Salivary gland; colon → image of Salivary gland"
"3720.png","A diagram showing the human digestive system.","pharynx; oesophagus; descending colon; sigmoid colon; duodenum; ascending colon; ileum; caecum; appendix; anus; rectum; mouth; salivary gland; stomach; liver; gall bladder; bile duct; pancreas; transverse colon; image of Pharynx","pharynx → image of Pharynx; oesophagus → image of Pharynx; descending colon → image of Pharynx; sigmoid colon → image of Pharynx; duodenum → image of Pharynx; ascending colon → image of Pharynx; ileum → image of Pharynx; caecum → image of Pharynx; appendix → image of Pharynx; anus → image of Pharynx; rectum → image of Pharynx; mouth → image of Pharynx; salivary gland → image of Pharynx; stomach → image of Pharynx; liver → image of Pharynx; gall bladder → image of Pharynx; bile duct → image of Pharynx; pancreas → image of Pharynx; transverse colon → image of Pharynx"
"3721.png","A diagram showing the human digestive system with labeled parts.The image has a title: normal digestive system.","pancreas; small intestine; large intestine (colon); appendix; stomach; rectum; normal digestive system; copyright (c) 2005 mckesson corportation and/or one of its subsidaries. all rights reserved.; parotid gland; salivary gland; esophagus; liver; gallbladder; image of Liver","pancreas → image of Liver; small intestine → image of Liver; large intestine (colon) → image of Liver; appendix → image of Liver; stomach → image of Liver; rectum → image of Liver; rectum → image of Liver; copyright (c) 2005 mckesson corportation and/or one of its subsidaries. all rights reserved. → I0; parotid gland → image of Liver; salivary gland → image of Liver; esophagus → image of Liver; liver → image of Liver; gallbladder → image of Liver"
"3722.png","A diagram showing the human digestive system","pharynx; esophagus; ileum; stomach; transverse colon; descending colon; jejunum; sigmoid colon; rectum; anus; mouth; tongue; pancreas; liver; gallbladder; duodenum; ascending colon; appendix; image of Digestive system","pharynx → image of Digestive system; esophagus → image of Digestive system; ileum → image of Digestive system; stomach → image of Digestive system; transverse colon → image of Digestive system; descending colon → image of Digestive system; jejunum → image of Digestive system; sigmoid colon → image of Digestive system; rectum → image of Digestive system; anus → image of Digestive system; mouth → image of Digestive system; tongue → image of Digestive system; pancreas → image of Digestive system; liver → image of Digestive system; gallbladder → image of Digestive system; duodenum → image of Digestive system; ascending colon → image of Digestive system; appendix → image of Digestive system"
"3723.png","A diagram showing the human digestive system","mouth -; salivary gland-; anus-; caecum; colon; duodenum; gall bladder; liver -; oesophagus; pharynx; -salivary gland; stomach; - pancreas; lleum; -rectum; appendix; image of Salivary gland","mouth - → image of Salivary gland; salivary gland- → image of Salivary gland; anus- → image of Salivary gland; caecum → image of Salivary gland; colon → image of Salivary gland; duodenum → image of Salivary gland; gall bladder → image of Salivary gland; liver - → image of Salivary gland; oesophagus → image of Salivary gland; pharynx → image of Salivary gland; -salivary gland → image of Salivary gland; stomach → image of Salivary gland; - pancreas → image of Salivary gland; lleum → image of Salivary gland; -rectum → image of Salivary gland; appendix → image of Salivary gland"
"3724.png","A diagram showing the human digestive system","tongue; salivary glands; small intestine; large intestine; anus; rectum; appendix; cecum; small intestine; gall-bladder; pancreas; ascending portion of large intestine; liver; oral cavity; esophagus; pharynx; sphincter; stomach; sphincter; duodenum of small intestine; image of Intestines; image of Upper Digestive; image of Stomach Detail","tongue → image of Upper Digestive; salivary glands → image of Upper Digestive; small intestine → image of Upper Digestive; large intestine → image of Upper Digestive; anus → image of Upper Digestive; rectum → image of Upper Digestive; appendix → image of Intestines; cecum → image of Intestines; small intestine → image of Intestines; gall-bladder → image of Upper Digestive; pancreas → image of Upper Digestive; ascending portion of large intestine → image of Intestines; liver → image of Upper Digestive; oral cavity → image of Upper Digestive; esophagus → image of Upper Digestive; pharynx → image of Upper Digestive; sphincter → image of Stomach Detail; stomach → image of Stomach Detail; sphincter → image of Stomach Detail; duodenum of small intestine → image of Stomach Detail"
"3725.png","A diagram showing the human digestive system. the digestive system  is the title.","the digestive system ; salivary glands ; esophagus ; stomach; colon; small intestine ; pancreas ; gallbladder; liver; image of Digestive tract","salivary glands  → image of Digestive tract; esophagus  → image of Digestive tract; stomach → image of Digestive tract; colon → image of Digestive tract; small intestine  → image of Digestive tract; pancreas  → image of Digestive tract; gallbladder → image of Digestive tract; liver → image of Digestive tract"
"3726.png","A diagram showing the human digestive system","pharynx; esophagus; sigmoid colon; rectum; anus; ileum; ascending colon; duodenum; gallbladder; mouth; tongue; pancreas; liver; stomach; transverse colon; descending colon; jejunum; image of Digestive system","pharynx → image of Digestive system; esophagus → image of Digestive system; sigmoid colon → image of Digestive system; rectum → image of Digestive system; anus → image of Digestive system; ileum → image of Digestive system; ascending colon → image of Digestive system; duodenum → image of Digestive system; gallbladder → image of Digestive system; mouth → image of Digestive system; tongue → image of Digestive system; pancreas → image of Digestive system; liver → image of Digestive system; stomach → image of Digestive system; transverse colon → image of Digestive system; descending colon → image of Digestive system; jejunum → image of Digestive system"
"3727.png","A diagram showing the human digestive system","salivary gland; pharynx; anus; cecum; appendix; salivary gland; esophagus; gallbladder; liver; stomach; pancreas; small intestine; rectum; image of Digestive system","salivary gland → image of Digestive system; pharynx → image of Digestive system; anus → image of Digestive system; cecum → image of Digestive system; appendix → image of Digestive system; salivary gland → image of Digestive system; esophagus → image of Digestive system; gallbladder → image of Digestive system; liver → image of Digestive system; stomach → image of Digestive system; pancreas → image of Digestive system; small intestine → image of Digestive system; rectum → image of Digestive system"
"3728.png","A diagram showing the human digestive system within an outline of a human body","1; 2; 3; 4; 5; 6; 7; 10; 8; image of Digestive system","1 → image of Digestive system; 2 → image of Digestive system; 3 → image of Digestive system; 4 → image of Digestive system; 5 → image of Digestive system; 6 → image of Digestive system; 7 → image of Digestive system; 10 → image of Digestive system; 8 → image of Digestive system"
"3729.png","A diagram showing the human digestive system","b; a; image of Esophagus","b → image of Esophagus; a → image of Esophagus"
"3730.png","A diagram showing the digestive system of a horse","cecum (9.5 in. - 0.5 gal.); large intestine (16ft. - 2 gal)); esophagus; small intestine (60ft. - 2.5 gal.); stomach (2 gal); image of Esophagus","cecum (9.5 in. - 0.5 gal.) → image of Esophagus; large intestine (16ft. - 2 gal)) → image of Esophagus; esophagus → image of Esophagus; small intestine (60ft. - 2.5 gal.) → image of Esophagus; stomach (2 gal) → image of Esophagus"
"3731.png","A diagram showing the human digestive system","esophagus; stomach ; pancreas ; large intestine ; rectum ; anus ; small intestine ; appendix ; liver ; image of Digestive system","esophagus → image of Digestive system; stomach  → image of Digestive system; pancreas  → image of Digestive system; large intestine  → image of Digestive system; rectum  → image of Digestive system; anus  → image of Digestive system; small intestine  → image of Digestive system; appendix  → image of Digestive system; liver  → image of Digestive system"
"3732.png","A diagram showing the human digestive system","t; u; v; w; image of Profile","t → image of Profile; u → image of Profile; v → image of Profile; w → image of Profile"
"3733.png","A diagram showing the human digestive system","(a); (b); (c); (d); image of Digestive system","(a) → image of Digestive system; (b) → image of Digestive system; (c) → image of Digestive system; (d) → image of Digestive system"
"3734.png","A diagram showing the human digestive system with labeled parts.","(i); (ii); (iii); (iv); (v); image of Head","(i) → image of Head; (ii) → image of Head; (iii) → image of Head; (iv) → image of Head; (v) → image of Head"
"3735.png","A diagram showing the human digestive system","mouth; salivary gland; oesophagus; stomach; pancreas; large intestine; liver; small intestine; image of Digestive System","mouth → image of Digestive System; salivary gland → image of Digestive System; oesophagus → image of Digestive System; stomach → image of Digestive System; pancreas → image of Digestive System; large intestine → image of Digestive System; liver → image of Digestive System; small intestine → image of Digestive System"
"3736.png","A diagram showing the human digestive system with labeled parts","c; image of Digestive system","c → image of Digestive system"
"3737.png","A diagram showing the human digestive system with labeled parts.","a; b; d; image of Digestive system","a → image of Digestive system; b → image of Digestive system; d → image of Digestive system"
"3738.png","A diagram showing the human digestive system","a; b; c; d; image of Digestive tract","a → image of Digestive tract; b → image of Digestive tract; c → image of Digestive tract; d → image of Digestive tract"
"3739.png","A diagram showing the human digestive system with labeled parts","a; b; c; d; e; image of Mouth","a → image of Mouth; b → image of Mouth; c → image of Mouth; d → image of Mouth; e → image of Mouth"
"3740.png","A diagram showing the human digestive system","salivary glands; esophagus; liver; gallbladder; large intestine; rectum; small intestine; pancreas; stomach; image of Digestive system","salivary glands → image of Digestive system; salivary glands → image of Digestive system; esophagus → image of Digestive system; liver → image of Digestive system; gallbladder → image of Digestive system; large intestine → image of Digestive system; rectum → image of Digestive system; small intestine → image of Digestive system; pancreas → image of Digestive system; stomach → image of Digestive system"
"3742.png","A diagram showing the human digestive system","1; 2.; 3; 4; 5; image of Digestive system","1 → image of Digestive system; 2. → image of Digestive system; 3 → image of Digestive system; 4 → image of Digestive system; 5 → image of Digestive system"
"3743.png","A diagram showing the human digestive system with labeled parts.","a; b; e; f; c; d; image of Digestive system","a → image of Digestive system; b → image of Digestive system; e → image of Digestive system; f → image of Digestive system; c → image of Digestive system; d → image of Digestive system"
"3744.png","A diagram showing the human digestive system","9; 6; 12; 11; 10;  - 1; 2; 3; 4; 5; 7; 8; 9; image of Outline","9 → image of Outline; 6 → image of Outline; 12 → image of Outline; 11 → image of Outline; 10 → image of Outline;  - 1 → image of Outline; 2 → image of Outline; 3 → image of Outline; 4 → image of Outline; 5 → image of Outline; 7 → image of Outline; 8 → image of Outline; 9 → image of Outline"
"3745.png","A diagram showing the human digestive system","b; a; image of Digestive system","b → image of Digestive system; a → image of Digestive system"
"3746.png","A diagram showing the human digestive system.","liver; esophagus; stomach; pancreas; large intestine; small intestine; appendix; rectum; anus; image of Esophagus","liver → image of Esophagus; esophagus → image of Esophagus; stomach → image of Esophagus; pancreas → image of Esophagus; large intestine → image of Esophagus; small intestine → image of Esophagus; appendix → image of Esophagus; rectum → image of Esophagus; anus → image of Esophagus"
"3747.png","A diagram showing the human digestive system with labeled parts.","parotid gland and duct; pharynx; sigmoid colon; rectum; anus; esophagus; liver; hepatic duct; gallbladder; common bile duct; duodenum; hepatic flexure of colon; sublingual and submandibular glands and ducts; ascending colon; ileocecal junction; cecum; appendix; stomach; pancreas; splenic flexure of colon; transverse colon; jejunum; descending colon; ileum; image of Head profile","parotid gland and duct → image of Head profile; pharynx → image of Head profile; sigmoid colon → image of Head profile; rectum → image of Head profile; anus → image of Head profile; esophagus → image of Head profile; liver → image of Head profile; hepatic duct → image of Head profile; gallbladder → image of Head profile; common bile duct → image of Head profile; duodenum → image of Head profile; hepatic flexure of colon → image of Head profile; sublingual and submandibular glands and ducts → image of Head profile; ascending colon → image of Head profile; ileocecal junction → image of Head profile; cecum → image of Head profile; appendix → image of Head profile; stomach → image of Head profile; pancreas → image of Head profile; splenic flexure of colon → image of Head profile; transverse colon → image of Head profile; jejunum → image of Head profile; descending colon → image of Head profile; ileum → image of Head profile"
"3748.png","A diagram showing the human digestive system within an outline of a human body","a; b; c; d; e; image of Outline","a → image of Outline; b → image of Outline; c → image of Outline; d → image of Outline; e → image of Outline"
"3749.png","A diagram showing the human respiratory system","nose; mouth; trachea; lungs; diaphragm; image of Respiratory system","nose → image of Respiratory system; mouth → image of Respiratory system; trachea → image of Respiratory system; lungs → image of Respiratory system; diaphragm → image of Respiratory system"
"3750.png","A diagram showing the human respiratory system","pulmones; nariz; boca; traquea; diafragma; image of Anatomy labels","pulmones → image of Anatomy labels; nariz → image of Anatomy labels; boca → image of Anatomy labels; traquea → image of Anatomy labels; diafragma → image of Anatomy labels"
"3751.png","A diagram showing the respiratory system of a human body.","sinus; tongue; larynx; bronchiole (airway); trachea (windpipe); diaphragm; alveoli (air sacs); epiglottis; pharynx; lungs; image of Anatomy labels","sinus → image of Anatomy labels; tongue → image of Anatomy labels; larynx → image of Anatomy labels; bronchiole (airway) → image of Anatomy labels; trachea (windpipe) → image of Anatomy labels; diaphragm → image of Anatomy labels; alveoli (air sacs) → image of Anatomy labels; epiglottis → image of Anatomy labels; pharynx → image of Anatomy labels; lungs → image of Anatomy labels; lungs → image of Anatomy labels"
"3752.png","A diagram showing the human respiratory system.Titled as respiratory system.","right lung; respiratory system; left lung; pleura; bronchioles (small airways); alveoli (air sacs); copyright © 2005 mckesson health solutions, llc, all rights reserved; nasal cavity; mouth; epiglottis; thyroid cartilage; trachea (windpipe); pharynx (throat); bronchial tubes; image of Respiratory anatomy","right lung → image of Respiratory anatomy; left lung → image of Respiratory anatomy; pleura → image of Respiratory anatomy; bronchioles (small airways) → image of Respiratory anatomy; bronchioles (small airways) → image of Respiratory anatomy; alveoli (air sacs) → image of Respiratory anatomy; alveoli (air sacs) → image of Respiratory anatomy; copyright © 2005 mckesson health solutions, llc, all rights reserved → I0; nasal cavity → image of Respiratory anatomy; mouth → image of Respiratory anatomy; epiglottis → image of Respiratory anatomy; thyroid cartilage → image of Respiratory anatomy; trachea (windpipe) → image of Respiratory anatomy; pharynx (throat) → image of Respiratory anatomy; bronchial tubes → image of Respiratory anatomy"
"3753.png","A diagram showing the different lobes of the lungs.The title is: lung lobes.","superior lobes; middle lobe; inferior lobes; cardiac notch; hilum of trachea; dr.asir john samuel (pt); lung lobes; image of Lung lobes","superior lobes → I0; middle lobe → I0; inferior lobes → I0; cardiac notch → image of Lung lobes; hilum of trachea → image of Lung lobes; dr.asir john samuel (pt) → I0"
"3754.png","A diagram showing the human head with a focus on the respiratory and auditory systems.","oral cavity; tongue; tonsils; spine (backbone); esophagus; sinus; nasal cavity; epiglottis; larynx (voice box); trachea (windpipe); middle ear; sinus; auditory (eustachian) tube; pharynx (throat); opening of auditory tube; image of Head profile","oral cavity → image of Head profile; tongue → image of Head profile; tonsils → image of Head profile; spine (backbone) → image of Head profile; esophagus → image of Head profile; sinus → image of Head profile; nasal cavity → image of Head profile; epiglottis → image of Head profile; larynx (voice box) → image of Head profile; trachea (windpipe) → image of Head profile; middle ear → image of Head profile; sinus → image of Head profile; auditory (eustachian) tube → image of Head profile; pharynx (throat) → image of Head profile; opening of auditory tube → image of Head profile"
"3755.png","A diagram showing the human respiratory system with a detailed view of the lung structure.","lymph node; upper lobe; vein; alveoli; bronchiole; trachea; bronchi; right lung:; middle lobe; lower lobe; diaphragm; left lung:; upper lobe; lower lobe; artery; image of Respiratory system","lymph node → image of Respiratory system; upper lobe → image of Respiratory system; trachea → image of Respiratory system; bronchi → image of Respiratory system; right lung: → image of Respiratory system; middle lobe → image of Respiratory system; lower lobe → image of Respiratory system; diaphragm → image of Respiratory system; left lung: → image of Respiratory system; upper lobe → image of Respiratory system; lower lobe → image of Respiratory system"
"3756.png","A diagram showing the human respiratory system","nasal cavity; trachea; alveolar sacs and alveoli; bronchiole; right lung; pharynx; epiglottis; larynx; bronchus; left lung; pleura; diaphragm; image of Upper respiratory; image of Alveoli","nasal cavity → image of Upper respiratory; trachea → image of Upper respiratory; alveolar sacs and alveoli → image of Alveoli; bronchiole → image of Alveoli; right lung → image of Upper respiratory; pharynx → image of Upper respiratory; epiglottis → image of Upper respiratory; larynx → image of Upper respiratory; bronchus → image of Upper respiratory; left lung → image of Upper respiratory; pleura → image of Upper respiratory; diaphragm → image of Upper respiratory"
"3757.png","A diagram showing the human respiratory system","nasal cavity; left lung; heart; pharynx; larynx; esophagus; trachea; right lung; bronchus; bronchiole; diaphragm; image of Anatomy labels","nasal cavity → image of Anatomy labels; left lung → image of Anatomy labels; heart → image of Anatomy labels; pharynx → image of Anatomy labels; larynx → image of Anatomy labels; esophagus → image of Anatomy labels; trachea → image of Anatomy labels; right lung → image of Anatomy labels; bronchus → image of Anatomy labels; bronchiole → image of Anatomy labels; diaphragm → image of Anatomy labels"
"3758.png","A diagram showing the components of the human respiratory system. The title is: the respiratory system.","the respiratory system; nasal cavity; diaphragm; right lung; nostril; epiglottis; larynx; pleural cavity; pharynx; trachea; primary bronchus; left lung; image of Respiratory system","nasal cavity → image of Respiratory system; diaphragm → image of Respiratory system; right lung → image of Respiratory system; nostril → image of Respiratory system; epiglottis → image of Respiratory system; larynx → image of Respiratory system; pleural cavity → image of Respiratory system; pharynx → image of Respiratory system; trachea → image of Respiratory system; primary bronchus → image of Respiratory system; left lung → image of Respiratory system"
"3759.png","A diagram showing the respiratory system of a human body.","nasal cavity plus ; larynx; bronchi; alveoli; left lung ; diaphragm; trachea; carina of trachea; right main (primary) bronchus; right lung ; parietal pleura(and visceral pleura covers lung surfaces themselves); oral cavity; pharynx; left main(primary bronchus; image of Respiratory system","nasal cavity plus  → image of Respiratory system; larynx → image of Respiratory system; bronchi → image of Respiratory system; alveoli → image of Respiratory system; left lung  → image of Respiratory system; diaphragm → image of Respiratory system; trachea → image of Respiratory system; carina of trachea → image of Respiratory system; right main (primary) bronchus → image of Respiratory system; right lung  → image of Respiratory system; parietal pleura(and visceral pleura covers lung surfaces themselves) → image of Respiratory system; oral cavity → image of Respiratory system; pharynx → image of Respiratory system; left main(primary bronchus → image of Respiratory system"
"3760.png","A diagram showing the human respiratory system","oral cavity; pharynx; right main (primary bronchus); left main (primary) bronchus; left lung; diaphragm; larynx; nostril; nasal cavity; trachea; carina of trachea; image of Nasal cavity","oral cavity → image of Nasal cavity; pharynx → image of Nasal cavity; right main (primary bronchus) → image of Nasal cavity; right main (primary bronchus) → image of Nasal cavity; left main (primary) bronchus → image of Nasal cavity; left lung → image of Nasal cavity; diaphragm → image of Nasal cavity; larynx → image of Nasal cavity; nostril → image of Nasal cavity; nasal cavity → image of Nasal cavity; trachea → image of Nasal cavity; carina of trachea → image of Nasal cavity"
"3761.png","A diagram showing the human respiratory system and a close-up view of the alveoli structure.","nasal cavity; trachea; pleura; alveolar sacs and alveoli; right lung; bronchiole; larynx; pharynx; epiglottis; bronchus; left lung; diaphragm; image of Alveoli; image of Respiratory system","nasal cavity → image of Respiratory system; trachea → image of Respiratory system; pleura → image of Respiratory system; alveolar sacs and alveoli → image of Alveoli; right lung → image of Respiratory system; bronchiole → image of Alveoli; larynx → image of Respiratory system; pharynx → image of Respiratory system; epiglottis → image of Respiratory system; bronchus → image of Respiratory system; left lung → image of Respiratory system; diaphragm → image of Respiratory system"
"3762.png","A diagram showing the human respiratory system. the respiratory system is the title.","epiglottis; pharynx; diaphragm; pleura; right lung; the respiratory system; nasal cavity; oral cavity; tongue; larynx; trachea; bronchus; left lung; image of Head","epiglottis → image of Head; pharynx → image of Head; diaphragm → image of Head; pleura → image of Head; right lung → image of Head; nasal cavity → image of Head; oral cavity → image of Head; tongue → image of Head; larynx → image of Head; trachea → image of Head; bronchus → image of Head; left lung → image of Head"
"3763.png","A diagram showing the human respiratory system and related structures","frontal sinus; oral cavity; trachea; superior lobe; bronchioles; alveoli; inferior lobe; diaphragm; nasal cavity; bronchus; middle lobe; heart; sphenoid sinus; epiglottis; pharynx; larynx; image of Frontal Sinus","frontal sinus → image of Frontal Sinus; oral cavity → image of Frontal Sinus; trachea → image of Frontal Sinus; superior lobe → image of Frontal Sinus; bronchioles → image of Frontal Sinus; alveoli → image of Frontal Sinus; inferior lobe → image of Frontal Sinus; diaphragm → image of Frontal Sinus; nasal cavity → image of Frontal Sinus; bronchus → image of Frontal Sinus; middle lobe → image of Frontal Sinus; heart → image of Frontal Sinus; sphenoid sinus → image of Frontal Sinus; epiglottis → image of Frontal Sinus; pharynx → image of Frontal Sinus; larynx → image of Frontal Sinus"
"3764.png","A diagram showing the human respiratory system with labeled parts, excluding a blurred face.Titled as respiratory system diseases and disorders.","mouth & nose; oropharnyx; diaphragm; respiratory system diseases and disorders; luke lyon; nasopharynx; nasal passageways; pharynx; epiglottis; carina; larynx; trachea; bronchiole; alveolus; bronchus; image of Nasopharynx","mouth & nose → image of Nasopharynx; oropharnyx → image of Nasopharynx; diaphragm → image of Nasopharynx; luke lyon → I0; nasopharynx → image of Nasopharynx; nasal passageways → image of Nasopharynx; pharynx → image of Nasopharynx; epiglottis → image of Nasopharynx; carina → image of Nasopharynx; larynx → image of Nasopharynx; trachea → image of Nasopharynx; bronchiole → image of Nasopharynx; alveolus → image of Nasopharynx; bronchus → image of Nasopharynx"
"3765.png","A diagram showing the respiratory system. the respiratory system is the title.","the respiratory system; pharynx; bronchi; bronchioles; trachea; larynx; nose; lung; lung; image of Respiratory system","pharynx → image of Respiratory system; bronchi → image of Respiratory system; bronchioles → image of Respiratory system; bronchioles → image of Respiratory system; trachea → image of Respiratory system; larynx → image of Respiratory system; nose → image of Respiratory system; lung → image of Respiratory system; lung → image of Respiratory system"
"3766.png","A diagram showing the human respiratory system. Titled as respiratory system.","right lung; bronchial tubes; trachea (windpipe); nasal cavity; pieura; thyroid cartilage; pharynx-(throat); copyright (c) 2005 mckinnen health solutions, llc all rights reserved; respiratory system; mouth; bronchioles (small airways); left lung; epiglottis; alveol (air sacs); image of Anatomy","right lung → image of Anatomy; bronchial tubes → image of Anatomy; trachea (windpipe) → image of Anatomy; nasal cavity → image of Anatomy; pieura → image of Anatomy; thyroid cartilage → image of Anatomy; pharynx-(throat) → image of Anatomy; copyright (c) 2005 mckinnen health solutions, llc all rights reserved → I0; mouth → image of Anatomy; bronchioles (small airways) → image of Anatomy; left lung → image of Anatomy; epiglottis → image of Anatomy; alveol (air sacs) → image of Anatomy"
"3767.png","A diagram showing the human respiratory system with a sectional view of the left lung.","heart; epiglottis; cut end of rib; bronchus; figure 1. diagrammatic view of human respiratory system (sectional view of the left lung is also shown); larynx; trachea; pleural membranes; alveoli; pleural fluid; bronchiole; diaphragm; lung; image of Heart","heart → image of Heart; epiglottis → image of Heart; cut end of rib → image of Heart; cut end of rib → image of Heart; bronchus → image of Heart; figure 1. diagrammatic view of human respiratory system (sectional view of the left lung is also shown) → I0; larynx → image of Heart; trachea → image of Heart; pleural membranes → image of Heart; alveoli → image of Heart; pleural fluid → image of Heart; bronchiole → image of Heart; diaphragm → image of Heart; lung → image of Heart"
"3768.png","A diagram showing the human respiratory system","nasopharynx; nasal cavity; glottis; left primary bronchus; left lung; base of left lung; diaphragm; right lung; pleural cavity; visceral pleura; parietal pleura; base of right lung; hyoid bone; thyroid cartilage; trachea; cricoid cartilage; right primary bronchus; oropharynx; epiglottis; larynx; image of Respiratory system","nasopharynx → image of Respiratory system; nasal cavity → image of Respiratory system; glottis → image of Respiratory system; left primary bronchus → image of Respiratory system; base of left lung → image of Respiratory system; pleural cavity → image of Respiratory system; visceral pleura → image of Respiratory system; parietal pleura → image of Respiratory system; base of right lung → image of Respiratory system; hyoid bone → image of Respiratory system; thyroid cartilage → image of Respiratory system; trachea → image of Respiratory system; cricoid cartilage → image of Respiratory system; right primary bronchus → image of Respiratory system; oropharynx → image of Respiratory system; epiglottis → image of Respiratory system; larynx → image of Respiratory system"
"3769.png","A diagram showing the human respiratory system with a close-up of the bronchioles.","pharynx; trachea; lungs; bronchioles; close-up of bronchioles; mouth; nose; bronchus; lungs; diaphragm; image of Respiratory system","pharynx → image of Respiratory system; trachea → image of Respiratory system; lungs → image of Respiratory system; bronchioles → image of Respiratory system; close-up of bronchioles → image of Respiratory system; mouth → image of Respiratory system; nose → image of Respiratory system; bronchus → image of Respiratory system; lungs → image of Respiratory system; diaphragm → image of Respiratory system"
"3772.png","A diagram showing a comparison between a healthy eye and an eye with glaucoma, highlighting the internal structures and changes in pressure.Its title is: healthy eye.","healthy eye; sclera; retina; vitruous body; lens; increased intraocular pressure; aqueous humor; cornea; iris; ciliary muscle; ciliary muscle; retina; vitruous body; lens; aqueous humor; cornea; iris; eye with glaucoma; sclera; image of Ciliary body; image of Ciliary body","sclera → image of Ciliary body; retina → image of Ciliary body; vitruous body → image of Ciliary body; lens → image of Ciliary body; aqueous humor → image of Ciliary body; cornea → image of Ciliary body; iris → image of Ciliary body; ciliary muscle → image of Ciliary body; ciliary muscle → image of Ciliary body; retina → image of Ciliary body; vitruous body → image of Ciliary body; lens → image of Ciliary body; aqueous humor → image of Ciliary body; cornea → image of Ciliary body; iris → image of Ciliary body; eye with glaucoma → image of Ciliary body; sclera → image of Ciliary body"
"3773.png","A diagram showing the human digestive system.","stomach; liver; colon (shaded); small intestine; rectum; anus; image of Digestive system","stomach → image of Digestive system; liver → image of Digestive system; colon (shaded) → image of Digestive system; small intestine → image of Digestive system; rectum → image of Digestive system; anus → image of Digestive system"
"3774.png","A diagram showing the human digestive system.","mouth; esophagus; stomach; large intestine; colon shaded; rectum; anus; small intestine; image of Digestive system","mouth → image of Digestive system; esophagus → image of Digestive system; stomach → image of Digestive system; large intestine → image of Digestive system; colon shaded → image of Digestive system; rectum → image of Digestive system; anus → image of Digestive system; small intestine → image of Digestive system"
"3775.png","A diagram showing the human digestive system.","esophagus; liver; small intestine; appendix; rectum; anus; large intestine; pancreas; stomach; image of Diagram","esophagus → image of Diagram; liver → image of Diagram; small intestine → image of Diagram; appendix → image of Diagram; rectum → image of Diagram; anus → image of Diagram; large intestine → image of Diagram; pancreas → image of Diagram; stomach → image of Diagram"
"3776.png","A diagram showing the human digestive system.","mouth; esophagus; stomach; large intestine; small intestine; anus; rectum; colon (shaded); image of Digestive system","mouth → image of Digestive system; esophagus → image of Digestive system; stomach → image of Digestive system; large intestine → image of Digestive system; small intestine → image of Digestive system; anus → image of Digestive system; rectum → image of Digestive system; colon (shaded) → image of Digestive system"
"3777.png","A diagram showing the human digestive system.","liver; small intestine; rectum; esophagus; stomach; colon (shaded); large intestine; anus; image of Digestive system","liver → image of Digestive system; small intestine → image of Digestive system; rectum → image of Digestive system; esophagus → image of Digestive system; stomach → image of Digestive system; colon (shaded) → image of Digestive system; large intestine → image of Digestive system; anus → image of Digestive system"
"3778.png","A diagram showing the human digestive system","mouth; esophagus; stomach; colon (shaded); anus; rectum; small intestine; large intestine; duodenum; image of Digestive system","mouth → image of Digestive system; esophagus → image of Digestive system; stomach → image of Digestive system; colon (shaded) → image of Digestive system; anus → image of Digestive system; rectum → image of Digestive system; small intestine → image of Digestive system; large intestine → image of Digestive system; duodenum → image of Digestive system"
"3779.png","A diagram showing the human digestive system","esophagus; stomach; pancreas; large intestine; small intestine; rectum; anus; appendix; liver; image of Digestive system","esophagus → image of Digestive system; stomach → image of Digestive system; pancreas → image of Digestive system; large intestine → image of Digestive system; small intestine → image of Digestive system; rectum → image of Digestive system; anus → image of Digestive system; appendix → image of Digestive system; liver → image of Digestive system"
"3780.png","A diagram showing the human digestive system.","stomach ; colon (shaded) ; anus ; small intestine ; rectum ; duodenum ; esophagus ; image of Digestive system","stomach  → image of Digestive system; colon (shaded)  → image of Digestive system; anus  → image of Digestive system; small intestine  → image of Digestive system; rectum  → image of Digestive system; duodenum  → image of Digestive system; esophagus  → image of Digestive system"
"3781.png","A diagram showing the human digestive system","liver; stomach; rectum; anus; appendix; cecum; ileum; ascending colon; decending colon; esophagus; spleen; gallbladder; duodenum; pancreas; transverse colon; jejunum; sigmoid colon; image of Esophagus","liver → image of Esophagus; stomach → image of Esophagus; rectum → image of Esophagus; anus → image of Esophagus; appendix → image of Esophagus; cecum → image of Esophagus; ileum → image of Esophagus; ascending colon → image of Esophagus; decending colon → image of Esophagus; esophagus → image of Esophagus; spleen → image of Esophagus; gallbladder → image of Esophagus; duodenum → image of Esophagus; pancreas → image of Esophagus; transverse colon → image of Esophagus; jejunum → image of Esophagus; sigmoid colon → image of Esophagus"
"3782.png","A diagram showing the human digestive system","buccal cavity; tounge; appendix; stomach; descending colon; pelvic colon; rectum; anal canal; pharynx; oesophagus; gall bladder; liver; transverse colon; jejunum; ascending colon; ileum; image of Digestive system","buccal cavity → image of Digestive system; tounge → image of Digestive system; appendix → image of Digestive system; stomach → image of Digestive system; descending colon → image of Digestive system; pelvic colon → image of Digestive system; rectum → image of Digestive system; anal canal → image of Digestive system; pharynx → image of Digestive system; oesophagus → image of Digestive system; gall bladder → image of Digestive system; liver → image of Digestive system; transverse colon → image of Digestive system; jejunum → image of Digestive system; ascending colon → image of Digestive system; ileum → image of Digestive system"
"3783.png","A diagram showing the human digestive system.","esophagus; stomach; large intestine; duodenum; small intestine:; jejunum; ileum; appendix; anus; rectum; image of Digestive system","esophagus → image of Digestive system; stomach → image of Digestive system; large intestine → image of Digestive system; duodenum → image of Digestive system; small intestine: → image of Digestive system; jejunum → image of Digestive system; ileum → image of Digestive system; appendix → image of Digestive system; anus → image of Digestive system; rectum → image of Digestive system"
"3784.png","A diagram showing the human digestive system","esophagus; large intestine; stomach; colon; anus; rectum; small intestine; mouth; image of Digestive system","esophagus → image of Digestive system; large intestine → image of Digestive system; stomach → image of Digestive system; colon → image of Digestive system; anus → image of Digestive system; rectum → image of Digestive system; small intestine → image of Digestive system; mouth → image of Digestive system"
"3785.png","A diagram showing the human digestive system.","stomach; large intestine (shaded); rectum; anus; small intestine; image of Digestive system","stomach → image of Digestive system; large intestine (shaded) → image of Digestive system; rectum → image of Digestive system; anus → image of Digestive system; small intestine → image of Digestive system"
"3786.png","A diagram showing the human digestive system","liver; image of Liver","liver → image of Liver"
"4449.png","A diagram showing different foot arch types","flat foot; normal foot; high arch; image of Flat Foot; image of Normal Foot; image of High Arch","flat foot → image of Flat Foot; normal foot → image of Normal Foot; high arch → image of High Arch"
"4450.png","A diagram showing different foot arch types","flat foot; ; pronated foot; ; normal foot; ; image of Flat Foot; image of Pronated Foot; image of Normal Foot","flat foot → image of Flat Foot; pronated foot → image of Pronated Foot; normal foot → image of Normal Foot"
"4451.png","A diagram showing different types of foot arches and their corresponding arch index (AI) values.","high arch (ai<0.21); normal arch (al = 0.21 - 0.28); low arch (al > 0.28); image of Low arch; image of High arch; image of Normal arch; image of Footprint","high arch (ai<0.21) → image of Normal arch; normal arch (al = 0.21 - 0.28) → image of Low arch; low arch (al > 0.28) → image of High arch"
"4452.png","A diagram showing the progression of flatfoot deformity in four stages.","""normal"" foot; reference footprint; << flat >> foot 1st degree; enlargement of the heel and thickening of the outer band; << flat >> foot 2nd degree; lack of arch of the foot and complete support of the 1st toe; << flat >> foot 3rd degree; total collapse of the arch with projection of the scaphoid; image of 3rd degree; image of 2nd degree; image of 1st degree; image of Normal foot","""normal"" foot → image of Normal foot; reference footprint → I0; << flat >> foot 1st degree → image of 1st degree; enlargement of the heel and thickening of the outer band → I0; << flat >> foot 2nd degree → image of 2nd degree; lack of arch of the foot and complete support of the 1st toe → I0; << flat >> foot 3rd degree → image of 3rd degree; total collapse of the arch with projection of the scaphoid → I0"
"4453.png","A diagram showing different foot arch types","high; regular; flat; image of High arch; image of Regular arch; image of Flat arch","high → image of High arch; regular → image of Regular arch; flat → image of Flat arch"
"4454.png","A diagram showing foot arch types","flat; medium; high; image of Flat; image of Medium; image of High","flat → image of Flat; medium → image of Medium; high → image of High"
"4455.png","A diagram showing different footprints representing types of foot arches","over-pronation; normal foot; supination; image of Over-Pronation; image of Normal Foot; image of Supination","over-pronation → image of Over-Pronation; normal foot → image of Normal Foot; supination → image of Supination"
"4456.png","A diagram showing footprints representing different foot arch types","flat foot; normal foot; high arch; image of Toes; image of Toes; image of Toes; image of Arch; image of Arch; image of Arch","flat foot → I0; normal foot → I0; high arch → I0"
"4457.png","A diagram showing different foot arch types and their corresponding foot alignments. Titled as arch type - foot alignment.","flatfoot print; inside/medial; pronator-rolls to; to outside/lateral; high arched print; normal arch; supinator-rolls; neutral algnment; arch type - foot alignment; image of Footprint; image of Footprint; image of Footprint; image of Feet; image of Feet; image of Feet","flatfoot print → image of Footprint; inside/medial → image of Feet; pronator-rolls to → image of Feet; to outside/lateral → image of Feet; high arched print → image of Footprint; normal arch → image of Footprint; supinator-rolls → image of Feet; neutral algnment → image of Feet"
"4458.png","A diagram showing different foot types and corresponding shoe recommendations. The image has a title: traditional foot type model.","traditional foot type model; cushioned shoe; high arch; supination; stability shoe; normal arch; neutral; motion control shoe; pronation; low arch; image of Footprint; image of Footprint; image of Footprint; image of Footprint; image of Shoe; image of Shoe; image of Footprint; image of Footprint; image of Shoe","cushioned shoe → I0; high arch → image of Footprint; supination → image of Shoe; stability shoe → I0; normal arch → image of Footprint; neutral → image of Shoe; motion control shoe → I0; pronation → image of Footprint; low arch → image of Footprint"
"4459.png","A diagram showing different types of foot arches","high arch; normal arch; flat feet; (fallen arch); image of High Arch; image of Normal Arch; image of Flat Feet","high arch → image of High Arch; normal arch → image of Normal Arch; flat feet → image of Flat Feet; (fallen arch) → image of Flat Feet"
"4460.png","A diagram showing different types of foot arches","high arch; normal arch; flat arch; image of High arch; image of Normal arch; image of Flat arch","high arch → image of High arch; normal arch → image of Normal arch; flat arch → image of Flat arch"
"4461.png","A diagram showing different types of foot arches","flat arch; medium arch; high arch; image of Flat Arch; image of Medium Arch; image of High Arch","flat arch → image of Flat Arch; medium arch → image of Medium Arch; high arch → image of High Arch"
"4462.png","A diagram showing different foot arch types and their pronation patterns","supination; neutral pronation; over pronation; image of Supination; image of Neutral Pronation; image of Over Pronation","supination → image of Supination; neutral pronation → image of Neutral Pronation; over pronation → image of Over Pronation"
"4463.png","A diagram showing footprints representing different foot postures","pronator; neutral; supinator; image of Pronator; image of Neutral; image of Supinator","pronator → image of Pronator; neutral → image of Neutral; supinator → image of Supinator"
"4464.png","A diagram showing different foot arch types","pronated; neutral; supinated; image of Pronated; image of Neutral; image of Supinated","pronated → image of Pronated; neutral → image of Neutral; supinated → image of Supinated"
"4465.png","A diagram showing the four basic arch or foot types. Titled as the four basic arch or foot types.","flat; normal; high; the four basic arch or foot types; pronated; image of Flat; image of Normal; image of High; image of Pronated","flat → image of Flat; normal → image of Normal; high → image of High; pronated → image of Pronated"
"4466.png","A diagram showing foot positions in different orientations","pronate; neutral; supinate; image of Pronate; image of Neutral; image of Supinate","pronate → image of Pronate; neutral → image of Neutral; supinate → image of Supinate"
"4467.png","A diagram showing foot arch types and their pronation levels","severe overpronation; moderate overpronation; mild overpronation; normal; suppination (underpronation); image of Severe overpronation; image of Moderate overpronation; image of Mild overpronation; image of Normal arch; image of Supination (underpronation)","severe overpronation → image of Severe overpronation; moderate overpronation → image of Moderate overpronation; mild overpronation → image of Mild overpronation; normal → image of Normal arch; suppination (underpronation) → image of Supination (underpronation)"
"4468.png","A diagram showing different types of foot pronation.","underpronation; normal pronation; overpronation; image of Normal Pronation; image of Overpronation; image of Underpronation","underpronation → image of Underpronation; normal pronation → image of Normal Pronation; overpronation → image of Overpronation"
"4469.png","A diagram showing different types of foot arches","normal arch; high arch; flat arch; image of Normal arch; image of High arch; image of Flat arch","normal arch → image of Normal arch; high arch → image of High arch; flat arch → image of Flat arch"
"4470.png","A diagram showing different types of foot arches","high arch; flat arch; normal arch; image of Normal arch; image of High arch; image of Flat arch","high arch → image of High arch; flat arch → image of Flat arch; normal arch → image of Normal arch"
"4471.png","A diagram showing the comparison between a normal pediatric foot and a pediatric flatfoot","normal pediatric foot; pediatric flatfoot; image of Flatfoot; image of Normal foot","normal pediatric foot → image of Normal foot; pediatric flatfoot → image of Flatfoot"
"4472.png","A diagram showing two types of foot anatomy.","normal foot; cavus foot; image of Cavus foot; image of Normal foot","normal foot → image of Normal foot; cavus foot → image of Cavus foot"
"4473.png","A diagram showing parts of the human body related to movement","b; a; image of Foot; image of Footwear","b → image of Footwear; a → image of Foot"
"4474.png","A diagram showing the arches of a human foot from two different angles.","figure 1; longitudinal arch; transverse arch; image of Lateral view; image of Frontal view","figure 1 → I0; longitudinal arch → image of Lateral view; transverse arch → image of Frontal view"
